cusip,security_name,state,principal_amount,coupon_pct,maturity_date,dated_date,closing_date,interest_rate_current,rate_type,source_of_repayment,rating_fitch,rating_kbra,rating_moodys,rating_sp,liquidity_facility,provider_identity,remarketing_agent,num_trades,num_rate_resets,num_disclosures,emma_url,crawl_timestamp
AB625C09C14B4E3637183FDBEE625C08E,"MARYLAND HEALTH AND HIGHER EDUCATIONAL FACILITIES AUTHORITY / REVENUE BONDS MEDSTAR HEALTH ISSUE, SERIES 2026A (FIXED RATE)",MD,215545000,5.25 %,08/15/2054,02/12/2026,02/12/2026,,,,,,,,,,,100,0,4,https://emma.msrb.org/Security/Details/AB625C09C14B4E3637183FDBEE625C08E,2026-02-19T18:44:10.683240+00:00
A7F899C4CB99F18395D310AD906EEF915,"STATE OF CONNECTICUT HEALTH AND EDUCATIONAL FACILITIES AUTHORITY / REVENUE BONDS, HARTFORD HEALTHCARE ISSUE SERIES 2026A (FIXED RATE)",CT,150000000,5 %,07/01/2031,02/11/2026,02/11/2026,,,,,,,,,,,62,0,1,https://emma.msrb.org/Security/Details/A7F899C4CB99F18395D310AD906EEF915,2026-02-19T18:45:28.582245+00:00
A9BBD312E1987D84E4DC79D2D49D27D41,TARRANT COUNTY CULTURAL EDUCATION FACILITIES FINANCE CORPORATION / HOSPITAL REVENUE BONDS (BAYLOR SCOTT & WHITE HEALTH PROJECT) SERIES 2026F (FIXED RATE),TX,149515000,5 %,11/15/2055,02/19/2026,02/19/2026,,,,,,,,,,,35,0,2,https://emma.msrb.org/Security/Details/A9BBD312E1987D84E4DC79D2D49D27D41,2026-02-19T18:46:26.145686+00:00
A05B3649BC7E8239F7A6643CC3D2B199E,TARRANT COUNTY CULTURAL EDUCATION FACILITIES FINANCE CORPORATION / HOSPITAL REVENUE BONDS (BAYLOR SCOTT & WHITE HEALTH PROJECT) SERIES 2026G (FIXED RATE PUT),TX,143800000,5 %,11/15/2055,02/19/2026,02/19/2026,,,,,,,,,,,17,0,2,https://emma.msrb.org/Security/Details/A05B3649BC7E8239F7A6643CC3D2B199E,2026-02-19T18:46:57.662475+00:00
A12E1B5590E91DD596BE99BC8567BEEA6,"FLORIDA DEVELOPMENT FINANCE CORPORATION / HEALTHCARE FACILITIES REVENUE BONDS (TAMPA GENERAL HOSPITAL PROJECT), SERIES 2026B (TERM MODE)",FL,133000000,5 %,08/01/2056,02/10/2026,02/10/2026,,,,,,,,,,,38,0,4,https://emma.msrb.org/Security/Details/A12E1B5590E91DD596BE99BC8567BEEA6,2026-02-19T18:47:22.646953+00:00
AB482028FA2EE5C04E3D0818AEE58CB5F,TENDER OPT BD TR RCPTS / CTFS VAR STS / CTFS 2026-MS0091,NA,131245000,-,12/31/2035,01/22/2026,-,,,,,,,,,,,0,0,0,https://emma.msrb.org/Security/Details/AB482028FA2EE5C04E3D0818AEE58CB5F,2026-02-19T18:47:49.444204+00:00
A2A9320F02CF6AD27D9B3BC8A74CF189F,ILLINOIS FIN AUTH REV / BDS ENDEAVOR HEALTH 2022 G,IL,130000000,7 %,08/15/2057,04/14/2022,-,,,,,,,,,,,0,0,4,https://emma.msrb.org/Security/Details/A2A9320F02CF6AD27D9B3BC8A74CF189F,2026-02-19T18:48:12.065197+00:00
A2E078907CF9DE32FF78E898233C2AF68,TENDER OPT BD TR RCPTS / CTFS VAR STS / CTFS 2026-VRS223,NA,130000000,7 %,08/15/2057,01/29/2026,-,,,,,,,,,,,0,0,0,https://emma.msrb.org/Security/Details/A2E078907CF9DE32FF78E898233C2AF68,2026-02-19T18:48:35.273486+00:00
A171BC79E2BF6E244320A85BC398F4886,PUBLIC FINANCE AUTHORITY / SERIES 2026-VRS223 CLASS A TENDER CERTIFICATES,WI,129000000,1.9,08/15/2057,01/29/2026,01/29/2026,1.9,,,,,,,,,,3,10,4,https://emma.msrb.org/Security/Details/A171BC79E2BF6E244320A85BC398F4886,2026-02-19T18:49:03.312549+00:00
A57164D9024D28D316352B63E753F7BAE,TENDER OPT BD TR RCPTS / CTFS VAR STS / CTFS 2026-MS0091,NA,126215000,5 %,12/31/2035,01/22/2026,-,,,,,,,,,,,0,0,0,https://emma.msrb.org/Security/Details/A57164D9024D28D316352B63E753F7BAE,2026-02-19T18:49:27.304604+00:00
A6044AF8652FC404AB75319EF106642AC,TARRANT COUNTY CULTURAL EDUCATION FACILITIES FINANCE CORPORATION / HOSPITAL REVENUE BONDS (BAYLOR SCOTT & WHITE HEALTH PROJECT) SERIES 2026D (DAILY),TX,125000000,-,11/15/2063,02/19/2026,02/19/2026,,,,,,,,,,,5,0,3,https://emma.msrb.org/Security/Details/A6044AF8652FC404AB75319EF106642AC,2026-02-19T18:49:49.732250+00:00
A133DD8C4344723B641C6D50FFC1CCA53,"DELAWARE HEALTH FACILITIES AUTHORITY / REVENUE BONDS (CHRISTIANA CARE HEALTH SYSTEM), SERIES 2026",DE,121125000,5.25 %,10/01/2051,02/12/2026,02/12/2026,,,,,,,,,,,59,0,6,https://emma.msrb.org/Security/Details/A133DD8C4344723B641C6D50FFC1CCA53,2026-02-19T18:50:14.549076+00:00
ACF4A46EF2F789A7B2060210757B0DE9E,"MARYLAND HEALTH AND HIGHER EDUCATIONAL FACILITIES AUTHORITY / REVENUE BONDS MEDSTAR HEALTH ISSUE, SERIES 2026B-1 AND SERIES 2026B-2 (LONG-TERM RATE)",MD,117215000,5 %,08/15/2056,02/12/2026,02/12/2026,,,,,,,,,,,28,0,4,https://emma.msrb.org/Security/Details/ACF4A46EF2F789A7B2060210757B0DE9E,2026-02-19T18:50:45.322581+00:00
A52EDF44FBB7647A74335A9D456F4FB01,"MARYLAND HEALTH AND HIGHER EDUCATIONAL FACILITIES AUTHORITY / REVENUE BONDS MEDSTAR HEALTH ISSUE, SERIES 2026B-1 AND SERIES 2026B-2 (LONG-TERM RATE)",MD,116275000,5 %,08/15/2056,02/12/2026,02/12/2026,,,,,,,,,,,34,0,4,https://emma.msrb.org/Security/Details/A52EDF44FBB7647A74335A9D456F4FB01,2026-02-19T18:51:12.217568+00:00
A50205988F51B55081D0A27E9BD1901B4,"STATE OF CONNECTICUT HEALTH AND EDUCATIONAL FACILITIES AUTHORITY / REVENUE BONDS, HARTFORD HEALTHCARE ISSUE SERIES 2026A (FIXED RATE)",CT,107805000,5.5 %,07/01/2055,02/11/2026,02/11/2026,,,,,,,,,,,100,0,1,https://emma.msrb.org/Security/Details/A50205988F51B55081D0A27E9BD1901B4,2026-02-19T18:51:40.042907+00:00
A4C9EB65D3DDE2EC6720C911C59DACB8C,RHODE ISLAND HEALTH AND EDUCATIONAL BUILDING CORPORATION / HOSPITAL FINANCING REVENUE BONDS BROWN UNIVERSITY HEALTH OBLIGATED GROUP ISSUE SERIES 2026B (FIXED RATE MODE),RI,106685000,5 %,05/15/2031,02/18/2026,02/18/2026,,,,,,,,,,,22,0,3,https://emma.msrb.org/Security/Details/A4C9EB65D3DDE2EC6720C911C59DACB8C,2026-02-19T18:52:15.487211+00:00
A3CB03582F9C2DF307E673BFC17176A09,"MARYLAND HEALTH AND HIGHER EDUCATIONAL FACILITIES AUTHORITY / REVENUE BONDS MEDSTAR HEALTH ISSUE, SERIES 2026A (FIXED RATE)",MD,102455000,5.25 %,08/15/2051,02/12/2026,02/12/2026,,,,,,,,,,,48,0,4,https://emma.msrb.org/Security/Details/A3CB03582F9C2DF307E673BFC17176A09,2026-02-19T18:52:41.729491+00:00
A8338FF200ADC6CBE8DABFEA1E78E118F,ILLINOIS FIN AUTH REV / BDS ENDEAVOR HEALTH 2022 H,IL,100000000,7 %,08/15/2057,04/01/2022,-,,,,,,,,,,,0,0,4,https://emma.msrb.org/Security/Details/A8338FF200ADC6CBE8DABFEA1E78E118F,2026-02-19T18:53:08.520744+00:00
AE17DBAA3B325E6611C90105E6FD06D33,J P MORGAN CHASE PUTTERS / DRIVERS TR VAR STS / CTFS 5103,NA,100000000,7 %,08/15/2057,01/23/2026,-,,,,,,,,,,,0,0,0,https://emma.msrb.org/Security/Details/AE17DBAA3B325E6611C90105E6FD06D33,2026-02-19T18:53:32.216315+00:00
AEEEAFBEBD557BDB017BF44149FB733D8,TENDER OPT BD TR RCPTS / CTFS VAR STS / CTFS 2026-VRS224,NA,100000000,5.25 %,12/01/2051,02/18/2026,-,,,,,,,,,,,0,0,0,https://emma.msrb.org/Security/Details/AEEEAFBEBD557BDB017BF44149FB733D8,2026-02-19T18:54:49.962281+00:00
A6DEB8379B5CB6166544D02467559C321,TARRANT COUNTY CULTURAL EDUCATION FACILITIES FINANCE CORPORATION / HOSPITAL REVENUE BONDS (BAYLOR SCOTT & WHITE HEALTH PROJECT) SERIES 2026D (DAILY),TX,100000000,1.65,11/15/2063,02/19/2026,02/19/2026,02/11/2026,,,,,,,,,,6,3,2,https://emma.msrb.org/Security/Details/A6DEB8379B5CB6166544D02467559C321,2026-02-19T18:55:58.214945+00:00
AC5B81816FFB3544809D5F6DAED86E27A,TARRANT COUNTY CULTURAL EDUCATION FACILITIES FINANCE CORPORATION / HOSPITAL REVENUE BONDS (BAYLOR SCOTT & WHITE HEALTH PROJECT) SERIES 2026D (DAILY),TX,100000000,1.65,11/15/2063,02/19/2026,02/19/2026,02/11/2026,,,,,,,,,,5,3,2,https://emma.msrb.org/Security/Details/AC5B81816FFB3544809D5F6DAED86E27A,2026-02-19T18:56:22.465609+00:00
AE22E71657FB0C653A446EBEE1391BACF,J P MORGAN CHASE PUTTERS / DRIVERS TR VAR STS / CTFS 5103,NA,99900000,-,08/15/2057,01/23/2026,-,,,,,,,,,,,0,0,0,https://emma.msrb.org/Security/Details/AE22E71657FB0C653A446EBEE1391BACF,2026-02-19T18:56:47.325953+00:00
A6C7492767BFBF2EC4640DC7FFFD9B00B,PUBLIC FINANCE AUTHORITY / SERIES 2026-VRS224 CLASS A TENDER CERTIFICATES,WI,99900000,1.9,12/01/2051,02/18/2026,02/18/2026,02/18/2026,,,,,,,,,,2,2,4,https://emma.msrb.org/Security/Details/A6C7492767BFBF2EC4640DC7FFFD9B00B,2026-02-19T18:58:00.024436+00:00
AA6A56D1AA903474E443D38CF084C4274,"STATE OF CONNECTICUT HEALTH AND EDUCATIONAL FACILITIES AUTHORITY / REVENUE BONDS, HARTFORD HEALTHCARE ISSUE SERIES 2026A (FIXED RATE)",CT,95000000,5.5 %,07/01/2055,02/11/2026,02/11/2026,,,,,,,,,,,100,0,1,https://emma.msrb.org/Security/Details/AA6A56D1AA903474E443D38CF084C4274,2026-02-19T18:58:24.298861+00:00
ABCD91C6DDB7C28925FD6EC828F0D29EC,NORTH CAROLINA MEDICAL CARE COMMISSION / RETIREMENT FACILITIES FIRST MORTGAGE REVENUE BONDS (DEERFIELD EPISCOPAL RETIREMENT COMMUNITY PROJECT) TAX-EXEMPT MANDATORY PAYDOWN SECURITIES (TEMPS-50SM) SERIES 2026B-4,NC,84250000,3.2 %,11/01/2030,01/13/2026,01/13/2026,,,,,,,,,,,8,0,8,https://emma.msrb.org/Security/Details/ABCD91C6DDB7C28925FD6EC828F0D29EC,2026-02-19T18:58:54.644114+00:00
A416A9AC886020DF23C7358A69608B320,NATIONAL FIN AUTH N H LEASE RENT REV / BDS CENTURION FNDTN ANDREWS AVE MED CTR LLC,NH,83900000,5.625 %,09/15/2057,01/12/2026,-,,,,,,,,,,,0,0,2,https://emma.msrb.org/Security/Details/A416A9AC886020DF23C7358A69608B320,2026-02-19T18:59:23.288827+00:00
A18410C4E004BE8791E2A1B88710D46D5,"STATE OF CONNECTICUT HEALTH AND EDUCATIONAL FACILITIES AUTHORITY / REVENUE BONDS, HARTFORD HEALTHCARE ISSUE SERIES 2026B",CT,75000000,2.2,07/01/2056,02/11/2026,02/11/2026,02/12/2026,,,,,,,,,,4,4,5,https://emma.msrb.org/Security/Details/A18410C4E004BE8791E2A1B88710D46D5,2026-02-19T18:59:46.922165+00:00
A9A528C22E8671CEE2B8E789AA3DBB17E,"STATE OF CONNECTICUT HEALTH AND EDUCATIONAL FACILITIES AUTHORITY / REVENUE BONDS, HARTFORD HEALTHCARE ISSUE SERIES 2026C",CT,75000000,2.2,07/01/2056,02/11/2026,02/11/2026,02/12/2026,,,,,,,,,,4,4,5,https://emma.msrb.org/Security/Details/A9A528C22E8671CEE2B8E789AA3DBB17E,2026-02-19T19:00:13.219788+00:00
A543C7E461E2115580E2E17E3611EFCA9,"MASSACHUSETTS DEVELOPMENT FINANCE AGENCY / REVENUE BONDS, MASS GENERAL BRIGHAM ISSUE, SERIES 2026 G-1 (DAILY RATE)",MA,75000000,1.4,07/01/2061,01/29/2026,01/29/2026,1.4,,,,,,,,,,28,10,10,https://emma.msrb.org/Security/Details/A543C7E461E2115580E2E17E3611EFCA9,2026-02-19T19:00:40.518220+00:00
A6D3A84007FDB2B9C87249E72CF363120,"MASSACHUSETTS DEVELOPMENT FINANCE AGENCY / REVENUE BONDS, MASS GENERAL BRIGHAM ISSUE, SERIES G (2026) SERIES 2026 G-2, DUE JULY 1, 2062 (DAILY RATE)",MA,75000000,1.45,07/01/2062,01/29/2026,01/29/2026,1.45,,,,,,,,,,28,10,11,https://emma.msrb.org/Security/Details/A6D3A84007FDB2B9C87249E72CF363120,2026-02-19T19:01:11.223438+00:00
AFC2B4F85AE3E77E027B3B86C7C23B9DF,TARRANT COUNTY CULTURAL EDUCATION FACILITIES FINANCE CORPORATION / HOSPITAL REVENUE BONDS (BAYLOR SCOTT & WHITE HEALTH PROJECT) SERIES 2026D (DAILY),TX,75000000,1.65,11/15/2063,02/19/2026,02/19/2026,02/11/2026,,,,,,,,,,0,3,2,https://emma.msrb.org/Security/Details/AFC2B4F85AE3E77E027B3B86C7C23B9DF,2026-02-19T19:02:25.096380+00:00
A08326C94606DB82E966F79524EC4B8C2,TAXABLE TENDER OPT BD TR RCPTS/CTFS VAR STS / CTFS 2026-MSTX004,NA,71620000,-,12/31/2035,01/22/2026,-,,,,,,,,,,,0,0,0,https://emma.msrb.org/Security/Details/A08326C94606DB82E966F79524EC4B8C2,2026-02-19T19:03:54.539081+00:00
A72A21513428E128B53324061C8489BC9,PUBLIC FINANCE AUTHORITY / SERIES 2026-VRS222 CLASS A TENDER CERTIFICATES,WI,71390000,1.9,01/15/2046,01/22/2026,01/22/2026,1.9,,,,,,,,,,3,10,4,https://emma.msrb.org/Security/Details/A72A21513428E128B53324061C8489BC9,2026-02-19T19:04:17.630340+00:00
A8CB298EF18DCC2A61054A1178199E3C7,"STATE OF CONNECTICUT HEALTH AND EDUCATIONAL FACILITIES AUTHORITY / REVENUE BONDS, HARTFORD HEALTHCARE ISSUE SERIES 2026A (FIXED RATE)",CT,71220000,5.5 %,07/01/2051,02/11/2026,02/11/2026,,,,,,,,,,,77,0,1,https://emma.msrb.org/Security/Details/A8CB298EF18DCC2A61054A1178199E3C7,2026-02-19T19:04:42.576389+00:00
AAB190833C3EEE55FADEB77BF6DBED62A,"STATE OF CONNECTICUT HEALTH AND EDUCATIONAL FACILITIES AUTHORITY / REVENUE BONDS, HARTFORD HEALTHCARE ISSUE SERIES 2026A (FIXED RATE)",CT,65000000,5.5 %,07/01/2051,02/11/2026,02/11/2026,,,,,,,,,,,100,0,1,https://emma.msrb.org/Security/Details/AAB190833C3EEE55FADEB77BF6DBED62A,2026-02-19T19:06:17.804779+00:00
AB6E0B52B47ED3D75944D2C35025A4F80,NORTH CAROLINA MEDICAL CARE COMMISSION / RETIREMENT FACILITIES FIRST MORTGAGE REVENUE BONDS (DEERFIELD EPISCOPAL RETIREMENT COMMUNITY PROJECT) SERIES SERIES 2026A,NC,62700000,5.25 %,11/01/2056,01/13/2026,01/13/2026,,,,,,,,,,,8,0,8,https://emma.msrb.org/Security/Details/AB6E0B52B47ED3D75944D2C35025A4F80,2026-02-19T19:07:44.165591+00:00
AFCB3895C40A09321681DFC504D2875FC,MIZUHO FLOATER / RESIDUAL TR VAR STS / CTFS 2026-MIZ9247,NA,59940000,6.06 %,02/01/2036,01/15/2026,-,,,,,,,,,,,0,0,0,https://emma.msrb.org/Security/Details/AFCB3895C40A09321681DFC504D2875FC,2026-02-19T19:08:30.554069+00:00
A52444FDE53434E6F1BBB3F22006E02D8,MIZUHO FLOATER / RESIDUAL TR VAR STS / CTFS 2026-MIZ9247,NA,56940000,-,02/01/2036,01/15/2026,-,,,,,,,,,,,0,0,0,https://emma.msrb.org/Security/Details/A52444FDE53434E6F1BBB3F22006E02D8,2026-02-19T19:08:53.297766+00:00
AB032D218576F0B47782BFEDDD0D21A58,"FLORIDA DEVELOPMENT FINANCE CORPORATION / HEALTHCARE FACILITIES REVENUE BONDS (TAMPA GENERAL HOSPITAL PROJECT), SERIES 2026A (FIXED MODE)",FL,53120000,5.25 %,08/01/2051,02/10/2026,02/10/2026,,,,,,,,,,,100,0,4,https://emma.msrb.org/Security/Details/AB032D218576F0B47782BFEDDD0D21A58,2026-02-19T19:09:16.105301+00:00
A1CEC57979E66DEC62D6F63D3FB1117B4,TENDER OPT BD TR RCPTS / CTFS VAR STS / CTFS 2026-BAML5070,NA,52605000,5.375 %,02/01/2046,01/15/2026,-,,,,,,,,,,,0,0,0,https://emma.msrb.org/Security/Details/A1CEC57979E66DEC62D6F63D3FB1117B4,2026-02-19T19:09:48.329888+00:00
AEA7EFBCE943B2056B891D12B7353CF41,TARRANT COUNTY CULTURAL EDUCATION FACILITIES FINANCE CORPORATION / HOSPITAL REVENUE BONDS (BAYLOR SCOTT & WHITE HEALTH PROJECT) SERIES 2026E,TX,51155000,5 %,11/15/2044,02/19/2026,02/19/2026,,,,,,,,,,,21,0,8,https://emma.msrb.org/Security/Details/AEA7EFBCE943B2056B891D12B7353CF41,2026-02-19T19:10:10.876640+00:00
A3D3B7604FD593B6D03B8E6D83B04DCB6,"SOUTH DAKOTA HEALTH AND EDUCATIONAL FACILITIES AUTHORITY / REVENUE BONDS, SERIES 2026 (MONUMENT HEALTH)",SD,50680000,5.25 %,09/01/2056,02/05/2026,02/05/2026,,,,,,,,,,,56,0,3,https://emma.msrb.org/Security/Details/A3D3B7604FD593B6D03B8E6D83B04DCB6,2026-02-19T19:11:01.997457+00:00
A1CFE0026DFFFC85A39D26F3D1B75F904,"MASSACHUSETTS DEVELOPMENT FINANCE AGENCY / REVENUE BONDS, MASS GENERAL BRIGHAM ISSUE, SERIES F (2026)",MA,50000000,5 %,07/01/2038,01/29/2026,01/29/2026,,,,,,,,,,,64,0,10,https://emma.msrb.org/Security/Details/A1CFE0026DFFFC85A39D26F3D1B75F904,2026-02-19T19:11:55.108875+00:00
A050A7D18F374010C6651F46B0C2F3A82,"MASSACHUSETTS DEVELOPMENT FINANCE AGENCY / REVENUE BONDS, MASS GENERAL BRIGHAM ISSUE, SERIES F (2026)",MA,50000000,5 %,07/01/2040,01/29/2026,01/29/2026,,,,,,,,,,,58,0,10,https://emma.msrb.org/Security/Details/A050A7D18F374010C6651F46B0C2F3A82,2026-02-19T19:12:25.577607+00:00
A12FE988A92FF5F6A672D291263094959,TENDER OPT BD TR RCPTS / CTFS VAR STS / CTFS 2025-VRS216,NA,50000000,6.875 %,08/15/2055,01/22/2026,-,,,,,,,,,,,0,0,0,https://emma.msrb.org/Security/Details/A12FE988A92FF5F6A672D291263094959,2026-02-19T19:12:55.402685+00:00
AF0CAE6861C84D587BFF1E760A5FE00A9,HAMILTON CNTY OHIO HOSP FACS REV / IMPT BDS TRIHEALTH INC 2026A,OH,50000000,6.875 %,08/15/2055,01/15/2026,-,,,,,,,,,,,0,0,8,https://emma.msrb.org/Security/Details/AF0CAE6861C84D587BFF1E760A5FE00A9,2026-02-19T19:13:18.376591+00:00
A821F6A8BCC8F76854B2BF8F4BB0B6060,TENDER OPT BD TR RCPTS / CTFS VAR STS / CTFS 2026-BAML5070,NA,49710000,-,02/01/2046,01/15/2026,-,,,,,,,,,,,0,0,0,https://emma.msrb.org/Security/Details/A821F6A8BCC8F76854B2BF8F4BB0B6060,2026-02-19T19:13:42.518386+00:00
A61C90DA9469D4707A776A6068809D210,"NORTHEASTERN PENNSYLVANIA HOSPITAL AND EDUCATION AUTHORITY / TAX-EXEMPT REVENUE BONDS, SERIES 2025A (TENOR HEALTH FOUNDATION WILKES-BARRE, LLC)",PA,47000000,8.5 %,12/01/2055,01/30/2026,01/30/2026,,,,,,,,,,,3,0,1,https://emma.msrb.org/Security/Details/A61C90DA9469D4707A776A6068809D210,2026-02-19T19:14:05.383481+00:00
ACC6CF20F96B5580408CB16335FA9999B,"CAPITAL TRUST AUTHORITY / HEALTH CARE FACILITIES REVENUE BONDS (QSH/ST. AUGUSTINE, LLC PROJECT), SERIES 2026A",FL,42830000,8.5 %,07/01/2057,01/21/2026,01/21/2026,,,,,,,,,,,4,0,8,https://emma.msrb.org/Security/Details/ACC6CF20F96B5580408CB16335FA9999B,2026-02-19T19:14:29.621800+00:00
AC630D8A8739EBBC7ED2E205EED2583E4,"STATE OF CONNECTICUT HEALTH AND EDUCATIONAL FACILITIES AUTHORITY / REVENUE BONDS, HARTFORD HEALTHCARE ISSUE SERIES 2026A (FIXED RATE)",CT,40105000,5 %,07/01/2045,02/11/2026,02/11/2026,,,,,,,,,,,19,0,1,https://emma.msrb.org/Security/Details/AC630D8A8739EBBC7ED2E205EED2583E4,2026-02-19T19:15:03.704342+00:00
A31E2C0DBE5F9AA04EC905F4DD61F5A1F,"SOUTH DAKOTA HEALTH AND EDUCATIONAL FACILITIES AUTHORITY / REVENUE BONDS, SERIES 2026 (MONUMENT HEALTH)",SD,38980000,5.25 %,09/01/2051,02/05/2026,02/05/2026,,,,,,,,,,,13,0,3,https://emma.msrb.org/Security/Details/A31E2C0DBE5F9AA04EC905F4DD61F5A1F,2026-02-19T19:15:29.443792+00:00
A4257AC10927FCD36F574A1791ADB9E3A,"PUBLIC FINANCE AUTHORITY / SENIOR LIVING REVENUE BONDS (LIVE WELL SENIOR LIVING PROJECTS), SERIES 2026",WI,38000000,7.15 %,09/01/2060,01/13/2026,01/13/2026,,,,,,,,,,,13,0,4,https://emma.msrb.org/Security/Details/A4257AC10927FCD36F574A1791ADB9E3A,2026-02-19T19:17:00.533783+00:00
A6360A6CE2700A0F7040B2D22CD141B33,NORTH CAROLINA MEDICAL CARE COMMISSION / RETIREMENT FACILITIES FIRST MORTGAGE REVENUE BONDS (DEERFIELD EPISCOPAL RETIREMENT COMMUNITY PROJECT) SERIES SERIES 2026A,NC,37080000,5.25 %,11/01/2046,01/13/2026,01/13/2026,,,,,,,,,,,12,0,8,https://emma.msrb.org/Security/Details/A6360A6CE2700A0F7040B2D22CD141B33,2026-02-19T19:17:28.500315+00:00
A02332BD82F23414F968FB412D2DBEA01,"MASSACHUSETTS DEVELOPMENT FINANCE AGENCY / REVENUE BONDS, MASS GENERAL BRIGHAM ISSUE, SERIES F (2026)",MA,36500000,5 %,07/01/2045,01/29/2026,01/29/2026,,,,,,,,,,,18,0,10,https://emma.msrb.org/Security/Details/A02332BD82F23414F968FB412D2DBEA01,2026-02-19T19:17:55.594632+00:00
A8B049CA8D51039D45EC766DACF567704,"MASSACHUSETTS DEVELOPMENT FINANCE AGENCY / REVENUE BONDS, MASS GENERAL BRIGHAM ISSUE, SERIES F (2026)",MA,36495000,5 %,07/01/2046,01/29/2026,01/29/2026,,,,,,,,,,,9,0,10,https://emma.msrb.org/Security/Details/A8B049CA8D51039D45EC766DACF567704,2026-02-19T19:18:22.517287+00:00
AEDC365498EF80D9FEE36D0B9E89FA5A1,TENDER OPT BD TR RCPTS / CTFS VAR STS / CTFS 2026-VRS222,NA,35820000,5 %,01/15/2046,01/22/2026,-,,,,,,,,,,,0,0,0,https://emma.msrb.org/Security/Details/AEDC365498EF80D9FEE36D0B9E89FA5A1,2026-02-19T19:18:53.822056+00:00
A281B76F5FCBF34B6BF82D8C79D1B2F3B,TENDER OPT BD TR RCPTS / CTFS VAR STS / CTFS 2026-VRS222,NA,35770000,5 %,01/15/2041,01/22/2026,-,,,,,,,,,,,0,0,0,https://emma.msrb.org/Security/Details/A281B76F5FCBF34B6BF82D8C79D1B2F3B,2026-02-19T19:19:17.141506+00:00
A8A41FBBB8F9E83F04A9938876651D0D0,"MASSACHUSETTS DEVELOPMENT FINANCE AGENCY / REVENUE BONDS, MASS GENERAL BRIGHAM ISSUE, SERIES F (2026)",MA,35055000,5 %,07/01/2034,01/29/2026,01/29/2026,,,,,,,,,,,24,0,10,https://emma.msrb.org/Security/Details/A8A41FBBB8F9E83F04A9938876651D0D0,2026-02-19T19:19:40.384905+00:00
A5CAE831DD313D1E43FBDB7D7A6AB703D,"MASSACHUSETTS DEVELOPMENT FINANCE AGENCY / REVENUE BONDS, MASS GENERAL BRIGHAM ISSUE, SERIES F (2026)",MA,34720000,5 %,07/01/2035,01/29/2026,01/29/2026,,,,,,,,,,,30,0,10,https://emma.msrb.org/Security/Details/A5CAE831DD313D1E43FBDB7D7A6AB703D,2026-02-19T19:20:41.831095+00:00
A76DE73DB01770DB989655E5A5E92ED30,NORTH CAROLINA MEDICAL CARE COMMISSION / RETIREMENT FACILITIES FIRST MORTGAGE REVENUE BONDS (DEERFIELD EPISCOPAL RETIREMENT COMMUNITY PROJECT) TAX-EXEMPT MANDATORY PAYDOWN SECURITIES (TEMPS-70SM) SERIES 2026B-3,NC,33700000,3.45 %,11/01/2030,01/13/2026,01/13/2026,,,,,,,,,,,11,0,8,https://emma.msrb.org/Security/Details/A76DE73DB01770DB989655E5A5E92ED30,2026-02-19T19:21:08.042435+00:00
A5DB5FAE3E4B23D0FECC2EDAE0F880379,"STATE OF CONNECTICUT HEALTH AND EDUCATIONAL FACILITIES AUTHORITY / REVENUE BONDS, HARTFORD HEALTHCARE ISSUE SERIES 2026A (FIXED RATE)",CT,32920000,5 %,07/01/2042,02/11/2026,02/11/2026,,,,,,,,,,,21,0,1,https://emma.msrb.org/Security/Details/A5DB5FAE3E4B23D0FECC2EDAE0F880379,2026-02-19T19:21:33.545646+00:00
A712B4CD8198885E71A4BBBDC7BC8B03A,NORTH CAROLINA MEDICAL CARE COMMISSION / RETIREMENT FACILITIES FIRST MORTGAGE REVENUE BONDS (DEERFIELD EPISCOPAL RETIREMENT COMMUNITY PROJECT) SERIES SERIES 2026A,NC,32070000,5.25 %,11/01/2050,01/13/2026,01/13/2026,,,,,,,,,,,7,0,8,https://emma.msrb.org/Security/Details/A712B4CD8198885E71A4BBBDC7BC8B03A,2026-02-19T19:21:58.031456+00:00
A0203EA21DA909B9AAE6B432E8D5DAC13,"STATE OF CONNECTICUT HEALTH AND EDUCATIONAL FACILITIES AUTHORITY / REVENUE BONDS, HARTFORD HEALTHCARE ISSUE SERIES 2026A (FIXED RATE)",CT,31440000,5 %,07/01/2043,02/11/2026,02/11/2026,,,,,,,,,,,27,0,1,https://emma.msrb.org/Security/Details/A0203EA21DA909B9AAE6B432E8D5DAC13,2026-02-19T19:22:23.258796+00:00
A9649DC0877070A424A1C0DF2C9377256,ORANGE COUNTY HEALTH FACILITIES AUTHORITY / HOSPITAL REVENUE BONDS (ORLANDO HEALTH OBLIGATED GROUP) SERIES 2025A,FL,470840000,5.25 %,10/01/2056,01/23/2025,01/23/2025,,,,,,,,,,,100,0,23,https://emma.msrb.org/Security/Details/A9649DC0877070A424A1C0DF2C9377256,2026-02-19T19:35:00.753520+00:00
A2005052BAF49FE8EFE895503B5380050,HARRIS COUNTY CULTURAL EDUCATION FACILITIES FINANCE CORPORATION / REVENUE REFUNDING BONDS (THE METHODIST HOSPITAL SYSTEM) SUBSERIES 2009C-1,TX,450000000,2.6,12/01/2039,06/02/2009,07/24/2025,02/17/2026,,,,,,,,,,62,211,112,https://emma.msrb.org/Security/Details/A2005052BAF49FE8EFE895503B5380050,2026-02-19T19:36:33.579697+00:00
AE744F5C63A70546C02D2986035EE2AD2,ORANGE COUNTY HEALTH FACILITIES AUTHORITY / HOSPITAL REVENUE BONDS (ORLANDO HEALTH OBLIGATED GROUP) SERIES 2022,FL,294915000,4 %,10/01/2052,02/15/2022,02/15/2022,,,,,,,,,,,100,0,62,https://emma.msrb.org/Security/Details/AE744F5C63A70546C02D2986035EE2AD2,2026-02-19T19:37:25.644463+00:00
A1D4DBBB84882BB24954ACBC862E9AC05,MASSACHUSETTS ST DEV FIN AGY REV / BDS BOSTON CHILDRENS HOSP V,MA,252500000,5.9 %,03/01/2049,02/08/2024,-,,,,,,,,,,,0,0,20,https://emma.msrb.org/Security/Details/A1D4DBBB84882BB24954ACBC862E9AC05,2026-02-19T19:39:05.530756+00:00
A0D7BF7A96AC55A916F2855B1CF0D9B69,"MASSACHUSETTS DEVELOPMENT FINANCE AGENCY / REVENUE BONDS, CHILDREN'S HOSPITAL ISSUE, SERIES T (2024)",MA,250805000,5 %,03/01/2034,02/08/2024,02/08/2024,,,,,,,,,,,100,0,21,https://emma.msrb.org/Security/Details/A0D7BF7A96AC55A916F2855B1CF0D9B69,2026-02-19T19:39:50.629643+00:00
A0B3961B0F44FFE63920A18162531BAFF,"COLORADO HEALTH FACILITIES AUTHORITY / HOSPITAL REVENUE BONDS, SERIES 2025A (ADVENTHEALTH OBLIGATED GROUP)",CO,250000000,5 %,11/15/2060,06/25/2025,06/25/2025,,,,,,,,,,,92,0,20,https://emma.msrb.org/Security/Details/A0B3961B0F44FFE63920A18162531BAFF,2026-02-19T19:41:06.618674+00:00
A6357F46A740858619AEAE3D43599E206,NEW HOPE CULTURAL EDUCATION FACILITIES FINANCE CORPORATION / HOSPITAL REVENUE BONDS (CHILDREN'S HEALTH SYSTEM OF TEXAS) SERIES 2025A,TX,250000000,5.5 %,08/15/2049,09/04/2025,09/04/2025,,,,,,,,,,,100,0,19,https://emma.msrb.org/Security/Details/A6357F46A740858619AEAE3D43599E206,2026-02-19T19:42:43.514295+00:00
ACC17D01DE5AD87A642DC931E706AC9B3,PHILADELPHIA PA AUTH FOR INDL DEV HOSP REV / BDS CHILDRENS HOSP OF PHILADELPHIA 2021 B,PA,241485000,2.42 %,07/01/2041,07/01/2021,-,,,,,,,,,,,0,0,40,https://emma.msrb.org/Security/Details/ACC17D01DE5AD87A642DC931E706AC9B3,2026-02-19T19:44:23.661535+00:00
A490418AF6237EF0A72A06FD7E1DD6D61,"STATE OF OHIO / HOSPITAL REVENUE BONDS, SERIES 2024A (CLEVELAND CLINIC HEALTH SYSTEM OBLIGATED GROUP)",OH,220420000,5 %,01/01/2035,06/27/2024,06/27/2024,,,,,,,,,,,100,0,47,https://emma.msrb.org/Security/Details/A490418AF6237EF0A72A06FD7E1DD6D61,2026-02-19T19:45:31.797750+00:00
A5B0241E988D51EF49544AEB0008A3656,"STATE OF OHIO / HOSPITAL REVENUE BONDS, SERIES 2024A (CLEVELAND CLINIC HEALTH SYSTEM OBLIGATED GROUP)",OH,220000000,5 %,01/01/2032,06/27/2024,06/27/2024,,,,,,,,,,,100,0,45,https://emma.msrb.org/Security/Details/A5B0241E988D51EF49544AEB0008A3656,2026-02-19T19:46:20.876111+00:00
AF2AA990BB7468037E253241B2E208D18,"MINNESOTA AGRICULTURAL AND ECONOMIC DEVELOPMENT BOARD / HEALTH CARE FACILITIES REVENUE BONDS (HEALTHPARTNERS OBLIGATED GROUP), SERIES 2024",MN,214170000,5.25 %,01/01/2054,02/01/2024,02/01/2024,,,,,,,,,,,100,0,30,https://emma.msrb.org/Security/Details/AF2AA990BB7468037E253241B2E208D18,2026-02-19T19:47:03.580515+00:00
A63F8D2D56038F8C42D7F9FEA5ED73B62,"DORMITORY AUTHORITY OF THE STATE OF NEW YORK / WHITE PLAINS HOSPITAL OBLIGATED GROUP REVENUE BONDS, SERIES 2024",NY,211160000,5.5 %,10/01/2054,10/31/2024,10/31/2024,,,,,,,,,,,100,0,17,https://emma.msrb.org/Security/Details/A63F8D2D56038F8C42D7F9FEA5ED73B62,2026-02-19T19:48:43.161430+00:00
ADEC1F2E22CE214AF6D0B4D7C0759E94C,PHILADELPHIA AUTHORITY FOR INDUSTRIAL DEVELOPMENT (THE CHILDREN'S HOSPITAL OF PHILADELPHIA PROJECT) / HOSPITAL REVENUE BONDS SERIES A OF 2024,PA,204525000,5.5 %,07/01/2053,10/24/2024,10/24/2024,,,,,,,,,,,100,0,17,https://emma.msrb.org/Security/Details/ADEC1F2E22CE214AF6D0B4D7C0759E94C,2026-02-19T19:49:55.960825+00:00
A03E55968421A2B24818DFD7C94C88749,PHILADELPHIA PA AUTH FOR INDL DEV HOSP REV / TAXABLE BDS CHILDRENS HOSP OF PHILADELPHIA 2022,PA,201580000,-,07/01/2044,05/18/2022,-,,,,,,,,,,,0,0,34,https://emma.msrb.org/Security/Details/A03E55968421A2B24818DFD7C94C88749,2026-02-19T19:50:28.982879+00:00
A894F3F33FC12DAFD9FF3C76BE75F2D3E,ORANGE COUNTY HEALTH FACILITIES AUTHORITY / HOSPITAL REVENUE BONDS (ORLANDO HEALTH OBLIGATED GROUP) SERIES 2025A,FL,200000000,4.5 %,10/01/2056,01/23/2025,01/23/2025,,,,,,,,,,,100,0,23,https://emma.msrb.org/Security/Details/A894F3F33FC12DAFD9FF3C76BE75F2D3E,2026-02-19T19:50:55.944866+00:00
AE2C4F482D079D0EF0F71291F6141EF2F,"PASCO COUNTY, FLORIDA / HOSPITAL REVENUE BONDS (H. LEE MOFFITT CANCER CENTER PROJECT) SERIES 2023B",FL,200000000,5 %,07/01/2030,09/21/2023,09/21/2023,,,,,,,,,,,12,0,41,https://emma.msrb.org/Security/Details/AE2C4F482D079D0EF0F71291F6141EF2F,2026-02-19T19:52:14.864986+00:00
A3FE2E843F3FBC2E95BF7F7BC708A4770,"ESCAMBIA COUNTY HEALTH FACILITIES AUTHORITY / HEALTH CARE FACILITIES REVENUE BONDS, SERIES 2020A (BAPTIST HEALTH CARE CORPORATION OBLIGATED GROUP)",FL,182305000,4 %,08/15/2045,02/12/2020,02/12/2020,,,,,,,,,,,100,0,162,https://emma.msrb.org/Security/Details/A3FE2E843F3FBC2E95BF7F7BC708A4770,2026-02-19T19:53:00.593795+00:00
A2EEFEF5A805F1CEE1904FC53423EBB0C,"DORMITORY AUTHORITY OF THE STATE OF NEW YORK MOUNT SINAI OBLIGATED GROUP / REVENUE BONDS, SERIES 2025",NY,176505000,5.25 %,07/01/2050,08/07/2025,08/07/2025,,,,,,,,,,,100,0,9,https://emma.msrb.org/Security/Details/A2EEFEF5A805F1CEE1904FC53423EBB0C,2026-02-19T19:53:53.631298+00:00
A936ABA1F4B89B265421BDC41AEB5AA80,TARRANT COUNTY CULTURAL EDUCATION FACILITIES FINANCE CORPORATION / HOSPITAL REVENUE BONDS (BAYLOR SCOTT & WHITE HEALTH PROJECT) SERIES 2022D (FIXED RATE),TX,175115000,5 %,11/15/2051,11/30/2022,11/30/2022,,,,,,,,,,,100,0,62,https://emma.msrb.org/Security/Details/A936ABA1F4B89B265421BDC41AEB5AA80,2026-02-19T19:55:08.606805+00:00
ADAE8AA11C1E23347BD121092ADDD97B3,"COLORADO HEALTH FACILITIES AUTHORITY - ADVENT HEALTH / HOSPITAL REVENUE BONDS, SERIES 2021A (ADVENTHEALTH OBLIGATED GROUP)",CO,170585000,3 %,11/15/2051,07/01/2021,07/01/2021,,,,,,,,,,,100,0,102,https://emma.msrb.org/Security/Details/ADAE8AA11C1E23347BD121092ADDD97B3,2026-02-19T19:56:01.816797+00:00
A696414722EBFF80951BE2A8F25213016,"HILLSBOROUGH COUNTY INDUSTRIAL DEVELOPMENT AUTHORITY / HOSPITAL REVENUE BONDS (TAMPA GENERAL HOSPITAL PROJECT), SERIES 2020A",FL,170435000,4 %,08/01/2050,10/29/2020,10/29/2020,,,,,,,,,,,100,0,53,https://emma.msrb.org/Security/Details/A696414722EBFF80951BE2A8F25213016,2026-02-19T20:08:25.800643+00:00
A32335CF4DD334E8906C2844D6FC15D05,"COUNTY OF VOLUSIA, FLORIDA / HOSPITAL REVENUE BONDS (MEDICAL CENTER OF DELTONA PROJECT), SERIES 2024",FL,158250000,7.625 %,12/15/2054,12/19/2024,12/19/2024,,,,,,,,,,,0,0,20,https://emma.msrb.org/Security/Details/A32335CF4DD334E8906C2844D6FC15D05,2026-02-19T20:09:09.371463+00:00
A53A6F4051C7A308211F147EB483D4EC9,"PUBLIC FINANCE AUTHORITY / TAXABLE HOSPITAL REVENUE BONDS, (RENOWN REGIONAL MEDICAL CENTER PROJECT), SERIES 2020B",WI,156975000,3.34 %,06/01/2050,10/01/2020,10/01/2020,,,,,,,,,,,100,0,51,https://emma.msrb.org/Security/Details/A53A6F4051C7A308211F147EB483D4EC9,2026-02-19T20:09:37.067387+00:00
A1FD094E101521CEEF53BD80ED02B5229,PHILADELPHIA AUTHORITY FOR INDUSTRIAL DEVELOPMENT (THE CHILDREN'S HOSPITAL OF PHILADELPHIA PROJECT) / HOSPITAL REVENUE BONDS SERIES A OF 2024,PA,153945000,4 %,07/01/2049,10/24/2024,10/24/2024,,,,,,,,,,,100,0,17,https://emma.msrb.org/Security/Details/A1FD094E101521CEEF53BD80ED02B5229,2026-02-19T20:10:17.980453+00:00
A1D8BFCE36629F505165E4F60A70DB4F1,"COUNTY OF FRANKLIN, OHIO / HOSPITAL REFUNDING AND IMPROVEMENT REVENUE BONDS, SERIES 2025A (NATIONWIDE CHILDREN'S HOSPITAL)",OH,150555000,5.25 %,11/01/2055,12/04/2025,12/04/2025,,,,,,,,,,,100,0,4,https://emma.msrb.org/Security/Details/A1D8BFCE36629F505165E4F60A70DB4F1,2026-02-19T20:10:53.091671+00:00
ACB1DB8D44498D1909323685F1274C247,STATE OF OHIO / HOSPITAL REVENUE BONDS SERIES 2020A (FIXED INTEREST RATE),OH,150325000,4 %,01/15/2050,01/23/2020,01/23/2020,02/18/2026,,,,,,,,,,122,79,61,https://emma.msrb.org/Security/Details/ACB1DB8D44498D1909323685F1274C247,2026-02-19T20:11:47.264725+00:00
A3E4B52F21B663982D8648C2CEE608278,"COLORADO HEALTH FACILITIES AUTHORITY - ADVENT HEALTH / HOSPITAL REVENUE BONDS, SERIES 2021A (ADVENTHEALTH OBLIGATED GROUP)",CO,150065000,4 %,11/15/2050,07/01/2021,07/01/2021,,,,,,,,,,,100,0,102,https://emma.msrb.org/Security/Details/A3E4B52F21B663982D8648C2CEE608278,2026-02-19T20:16:46.318210+00:00
A85B885C1BC2420FB7F5002572C59E6B8,CALIFORNIA PUB FIN AUTH REV / VAR TAXABLE CHILDRENS HOSP OF LOS ANGELES 2025B,CA,150000000,5.71 %,11/15/2055,03/06/2025,-,,,,,,,,,,,0,0,18,https://emma.msrb.org/Security/Details/A85B885C1BC2420FB7F5002572C59E6B8,2026-02-19T20:27:55.273284+00:00
A932E6C95DC6BBAFC30437C56E3CAF638,"ALLEN COUNTY, OHIO / HOSPITAL FACILITIES REVENUE BONDS, SERIES 2025D (BON SECOURS MERCY HEALTH, INC.)",OH,150000000,1.8,11/01/2050,05/07/2025,05/07/2025,02/13/2026,,,,,,,,,,100,26,52,https://emma.msrb.org/Security/Details/A932E6C95DC6BBAFC30437C56E3CAF638,2026-02-19T20:28:21.233924+00:00
A840D49570EC3091E701511BA379D74DB,HARRIS COUNTY CULTURAL EDUCATION FACILITIES FINANCE CORPORATION / HOSPITAL REVENUE BONDS (TEXAS CHILDREN’S HOSPITAL) SERIES 2024A,TX,150000000,5 %,10/01/2029,09/24/2024,09/24/2024,,,,,,,,,,,100,0,21,https://emma.msrb.org/Security/Details/A840D49570EC3091E701511BA379D74DB,2026-02-19T20:29:12.460645+00:00
A92F33B69E4315A4F718585C2F77AA46B,"INDUSTRIAL DEVELOPMENT AUTHORITY OF ARLINGTON COUNTY, VIRGINIA / HOSPITAL REVENUE BONDS (VHC HEALTH) SERIES 2023A",VA,150000000,5 %,07/01/2053,09/26/2023,09/26/2023,,,,,,,,,,,80,0,17,https://emma.msrb.org/Security/Details/A92F33B69E4315A4F718585C2F77AA46B,2026-02-19T20:30:03.537878+00:00
A479FD51A686FFAE347320CBEC1DD6DCD,"COUNTY OF FRANKLIN, OHIO / HOSPITAL FACILITIES REVENUE IMPROVEMENT BONDS, SERIES 2020 (NATIONWIDE CHILDREN'S HOSPITAL PROJECT) (FEDERALLY TAXABLE)",OH,148925000,2.877 %,11/01/2050,10/28/2020,10/28/2020,,,,,,,,,,,76,0,44,https://emma.msrb.org/Security/Details/A479FD51A686FFAE347320CBEC1DD6DCD,2026-02-19T20:30:36.111094+00:00
AA41D99B4F712689E9C89E2DA822AB69E,"ESCAMBIA COUNTY HEALTH FACILITIES AUTHORITY / HEALTH CARE FACILITIES REVENUE BONDS, SERIES 2020A (BAPTIST HEALTH CARE CORPORATION OBLIGATED GROUP)",FL,145305000,4 %,08/15/2050,02/12/2020,02/12/2020,,,,,,,,,,,100,0,162,https://emma.msrb.org/Security/Details/AA41D99B4F712689E9C89E2DA822AB69E,2026-02-19T20:32:33.341957+00:00
A9506737B418674FCC8C86497F3EB8882,"COUNTY OF WASHINGTON, OHIO / HOSPITAL FACILITIES REVENUE BONDS, SERIES 2022 (MEMORIAL HEALTH SYSTEM OBLIGATED GROUP)",OH,142215000,6.75 %,12/01/2052,09/21/2022,09/21/2022,,,,,,,,,,,92,0,75,https://emma.msrb.org/Security/Details/A9506737B418674FCC8C86497F3EB8882,2026-02-19T20:34:06.354868+00:00
AC2F983E4E10D0AAF45A136B192CA9F0C,"DORMITORY AUTHORITY OF THE STATE OF NEW YORK / WHITE PLAINS HOSPITAL OBLIGATED GROUP REVENUE BONDS, SERIES 2024",NY,141410000,5.25 %,10/01/2049,10/31/2024,10/31/2024,,,,,,,,,,,100,0,17,https://emma.msrb.org/Security/Details/AC2F983E4E10D0AAF45A136B192CA9F0C,2026-02-19T20:34:49.873333+00:00
A08587F783D46F5153ABB8F6A7A324127,"BREVARD COUNTY HEALTH FACILITIES AUTHORITY / HOSPITAL REVENUE BONDS, SERIES 2022A",FL,140525000,5 %,04/01/2047,04/13/2022,04/13/2022,,,,,,,,,,,100,0,50,https://emma.msrb.org/Security/Details/A08587F783D46F5153ABB8F6A7A324127,2026-02-19T20:35:42.450528+00:00
A1D20BDDD28C224424358E696ED8D8465,HIGHLANDS CNTY FLA HEALTH FACS AUTH REV / HOSP BDS ADVENTHEALTH 2025B,FL,140000000,6.375 %,11/15/2060,08/28/2025,-,,,,,,,,,,,0,0,15,https://emma.msrb.org/Security/Details/A1D20BDDD28C224424358E696ED8D8465,2026-02-19T20:36:54.103708+00:00
A01D5A0DE3982E995B73A5F9F0C58D2B8,"BREVARD COUNTY HEALTH FACILITIES AUTHORITY / HOSPITAL REVENUE BONDS, SERIES 2022A",FL,135950000,5 %,04/01/2052,04/13/2022,04/13/2022,,,,,,,,,,,100,0,50,https://emma.msrb.org/Security/Details/A01D5A0DE3982E995B73A5F9F0C58D2B8,2026-02-19T20:37:41.213002+00:00
A9538F86E02AF19F51DA7A95DFE8F6D36,CALIFORNIA HEALTH FACS FING AUTH REV / VAR CHILDRENS HOSP OF LOS ANGELES 2025 A,CA,135830000,3.97 %,11/15/2051,03/06/2025,-,,,,,,,,,,,0,0,20,https://emma.msrb.org/Security/Details/A9538F86E02AF19F51DA7A95DFE8F6D36,2026-02-19T20:38:46.003404+00:00
A3670817FEAA118F7B3304ABBFB243120,HARRIS COUNTY CULTURAL EDUCATION FACILITIES FINANCE CORPORATION / HOSPITAL REVENUE BONDS (MEMORIAL HERMANN HEALTH SYSTEM) 2024C,TX,135785000,5 %,07/01/2054,06/27/2024,06/27/2024,,,,,,,,,,,88,0,58,https://emma.msrb.org/Security/Details/A3670817FEAA118F7B3304ABBFB243120,2026-02-19T20:39:10.550366+00:00
AF1ABA3CD6AECB6E914022DD575A27E48,"MASSACHUSETTS DEVELOPMENT FINANCE AGENCY / REVENUE BONDS, CHILDREN'S HOSPITAL ISSUE, SERIES T (2024)",MA,135760000,5.25 %,03/01/2054,02/08/2024,02/08/2024,,,,,,,,,,,100,0,21,https://emma.msrb.org/Security/Details/AF1ABA3CD6AECB6E914022DD575A27E48,2026-02-19T20:42:09.233062+00:00
A33CF9A3FBF805B48C4CD9E25F742EF18,WEST VIRGINIA HOSPITAL FINANCE AUTHORITY / HOSPITAL REVENUE IMPROVEMENT BONDS (WEST VIRGINIA UNIVERSITY HEALTH SYSTEM OBLIGATED GROUP) 2025 SERIES A (FIXED RATE),WV,135335000,5.5 %,06/01/2050,07/10/2025,07/10/2025,,,,,,,,,,,100,0,31,https://emma.msrb.org/Security/Details/A33CF9A3FBF805B48C4CD9E25F742EF18,2026-02-19T20:42:56.001714+00:00
AF517CD7D44746A23845A15DFD3E711F6,"BUCKS COUNTY INDUSTRIAL DEVELOPMENT AUTHORITY / HOSPITAL REVENUE BONDS, SERIES 2021 (SAINT LUKE'S UNIVERSITY HEALTH NETWORK)",PA,132745000,3 %,08/15/2053,01/27/2021,01/27/2021,,,,,,,,,,,100,0,77,https://emma.msrb.org/Security/Details/AF517CD7D44746A23845A15DFD3E711F6,2026-02-19T20:44:28.689832+00:00
A2CF70CB2FBD5D6FAB79532C7E95B4A45,"COUNTY OF HAMILTON, OHIO / HOSPITAL FACILITIES REVENUE BONDS, SERIES 2020 (UC HEALTH)",OH,132550000,5 %,09/15/2050,04/22/2020,04/22/2020,,,,,,,,,,,100,0,56,https://emma.msrb.org/Security/Details/A2CF70CB2FBD5D6FAB79532C7E95B4A45,2026-02-19T20:45:23.641367+00:00
A58F344B763EF7183A819566C07610AAA,"TARRANT COUNTY CULTURAL EDUCATION FACILITIES FINANCE CORPORATION / HOSPITAL REVENUE BONDS (HENDRICK MEDICAL CENTER), TAXABLE SERIES 2021",TX,131835000,3.422 %,09/01/2050,01/06/2021,01/06/2021,,,,,,,,,,,100,0,91,https://emma.msrb.org/Security/Details/A58F344B763EF7183A819566C07610AAA,2026-02-19T20:46:10.762309+00:00
A5602DDC2A024ACC2F4A05329C59CD652,TARRANT COUNTY CULTURAL EDUCATION FACILITIES FINANCE CORPORATION / HOSPITAL REVENUE BONDS (BAYLOR SCOTT & WHITE HEALTH PROJECT) SERIES 2022F (FIXED RATE PUT),TX,128055000,5 %,11/15/2052,11/30/2022,11/30/2022,,,,,,,,,,,100,0,62,https://emma.msrb.org/Security/Details/A5602DDC2A024ACC2F4A05329C59CD652,2026-02-19T20:47:02.479305+00:00
AC7119EE3FF5516F5110EBB06CF927E1B,"CITY OF ALBANY CAPITAL RESOURCE CORPORATION / TAX-EXEMPT REVENUE BONDS (ALBANY MEDICAL CENTER HOSPITAL PROJECT), SERIES 2025A",NY,126635000,5.5 %,05/01/2055,10/30/2025,10/30/2025,,,,,,,,,,,100,0,3,https://emma.msrb.org/Security/Details/AC7119EE3FF5516F5110EBB06CF927E1B,2026-02-19T20:48:53.160963+00:00
A7C1A2B5A8F4F6FF2C061F06C20F186DE,"PUBLIC HOSPITAL DISTRICT NO. 4, KING COUNTY, WASHINGTON (SNOQUALMIE VALLEY HEALTH) / HOSPITAL REVENUE AND REFUNDING BONDS, SERIES 2025A",WA,125510000,7 %,12/01/2060,10/08/2025,10/08/2025,,,,,,,,,,,18,0,7,https://emma.msrb.org/Security/Details/A7C1A2B5A8F4F6FF2C061F06C20F186DE,2026-02-19T20:50:27.277740+00:00
A1F321A24DE25429E7AEACBAB21F9DA45,"KENTUCKY BOND DEVELOPMENT CORPORATION (KENTUCKY) / HOSPITAL REVENUE BONDS, CITY OF WILLIAMSBURG SERIES 2025B (BAPTIST HEALTHCARE SYSTEM OBLIGATED GROUP) (DAILY RATE)",KY,125000000,1.75,08/15/2055,02/25/2025,02/25/2025,01/30/2026,,,,,,,,,,100,12,23,https://emma.msrb.org/Security/Details/A1F321A24DE25429E7AEACBAB21F9DA45,2026-02-19T20:50:58.784717+00:00
A005B8CAA0F5DF025474A004F32E4DB5A,"WISCONSIN HEALTH AND EDUCATIONAL FACILITIES AUTHORITY (WISCONSIN) / VARIABLE RATE DEMAND REVENUE BONDS, SERIES 2025B (HOSPITAL SISTERS CREDIT GROUP)",WI,125000000,2.3,08/15/2055,08/14/2025,08/14/2025,02/17/2026,,,,,,,,,,4,17,34,https://emma.msrb.org/Security/Details/A005B8CAA0F5DF025474A004F32E4DB5A,2026-02-19T20:51:33.807082+00:00
A2A1483D421040678BDDDFBEE21B34392,WISCONSIN ST HEALTH & EDL FACS AUTH REV / BDS HOSPITAL SISTERS SVCS INC 2025C,WI,125000000,7 %,08/15/2055,08/14/2025,-,,,,,,,,,,,0,0,22,https://emma.msrb.org/Security/Details/A2A1483D421040678BDDDFBEE21B34392,2026-02-19T20:52:01.194684+00:00
A84CC8B7346DBD42C08AECACE80D1D840,TARRANT COUNTY CULTURAL EDUCATION FACILITIES FINANCE CORPORATION / HOSPITAL REVENUE BONDS (BAYLOR SCOTT & WHITE HEALTH PROJECT) SERIES 2022E (FIXED RATE PUT),TX,123980000,5 %,11/15/2052,11/30/2022,11/30/2022,,,,,,,,,,,100,0,62,https://emma.msrb.org/Security/Details/A84CC8B7346DBD42C08AECACE80D1D840,2026-02-19T20:52:30.723978+00:00
A55E8E5CB1AEF0395528849ACFC3C9551,CALIFORNIA HEALTH FACILITIES FINANCING AUTHORITY / REFUNDING REVENUE BONDS (LUCILE SALTER PACKARD CHILDREN'S HOSPITAL AT STANFORD) 2022 SERIES A (FORWARD DELIVERY),CA,122800000,4 %,05/15/2051,05/17/2022,05/17/2022,,,,,,,,,,,100,0,44,https://emma.msrb.org/Security/Details/A55E8E5CB1AEF0395528849ACFC3C9551,2026-02-19T20:53:15.256450+00:00
A032764A1BA247396D3CF0F054E05B4EF,"THE HEALTH AND EDUCATIONAL FACILITIES BOARD OF THE CITY OF JOHNSON CITY, TENNESSEE, / HOSPITAL REVENUE REFUNDING BONDS (BALLAD HEALTH) SERIES 2022B (WEEKLY RATE BONDS)",TN,121855000,2.3,07/01/2045,07/07/2022,07/07/2022,02/10/2026,,,,,,,,,,44,50,66,https://emma.msrb.org/Security/Details/A032764A1BA247396D3CF0F054E05B4EF,2026-02-19T20:53:56.258243+00:00
A6DF1129311DA6904B8A022A6EAC07B7D,"SARASOTA COUNTY PUBLIC HOSPITAL DISTRICT / FIXED RATE HOSPITAL REVENUE BONDS (SARASOTA MEMORIAL HOSPITAL PROJECT), SERIES 2022",FL,121470000,4 %,07/01/2052,09/01/2022,09/01/2022,,,,,,,,,,,100,0,55,https://emma.msrb.org/Security/Details/A6DF1129311DA6904B8A022A6EAC07B7D,2026-02-19T20:54:30.820347+00:00
A0477CEB53281D771470DD8A476660FA3,HIGHLANDS COUNTY HEALTH FACILITIES AUTHORITY / HOSPITAL REVENUE BONDS SERIES 2021D (ADVENTHEALTH OBLIGATED GROUP),FL,120000000,2.1,11/15/2056,07/01/2021,07/01/2021,01/14/2026,,,,,,,,,,100,105,105,https://emma.msrb.org/Security/Details/A0477CEB53281D771470DD8A476660FA3,2026-02-19T20:55:07.410971+00:00
A58EE5230ABE944969876E01292F86C43,CALIFORNIA HEALTH FACILITIES FINANCING AUTHORITY / REVENUE BONDS (CHILDREN'S HOSPITAL OF ORANGE COUNTY) SERIES 2024B,CA,118410000,5 %,11/01/2054,03/20/2024,03/20/2024,,,,,,,,,,,100,0,25,https://emma.msrb.org/Security/Details/A58EE5230ABE944969876E01292F86C43,2026-02-19T21:02:11.064788+00:00
A79DAC182872E3D0350B29E4A9FD52287,"SOUTH BROWARD HOSPITAL DISTRICT / HOSPITAL REVENUE BONDS, SERIES 2021A (SOUTH BROWARD HOSPITAL DISTRICT OBLIGATED GROUP)",FL,117850000,3 %,05/01/2051,11/18/2021,11/18/2021,,,,,,,,,,,100,0,50,https://emma.msrb.org/Security/Details/A79DAC182872E3D0350B29E4A9FD52287,2026-02-19T21:03:18.115764+00:00
AC5E7B2411BC939E459E2C9E2A9FB030B,HARRIS COUNTY CULTURAL EDUCATION FACILITIES FINANCE CORPORATION HOSPITAL REVENUE BONDS / (TEXAS CHILDREN'S HOSPITAL) SERIES 2021-A,TX,116810000,3 %,10/01/2051,07/20/2021,07/20/2021,,,,,,,,,,,100,0,61,https://emma.msrb.org/Security/Details/AC5E7B2411BC939E459E2C9E2A9FB030B,2026-02-19T21:03:56.966877+00:00
A305C9337FD384F82A464A93754810281,"COLORADO HEALTH FACILITIES AUTHORITY / HOSPITAL REVENUE BONDS, SERIES 2023A-1 (ADVENTHEALTH OBLIGATED GROUP)",CO,116160000,5 %,11/15/2058,07/12/2023,07/12/2023,,,,,,,,,,,100,0,68,https://emma.msrb.org/Security/Details/A305C9337FD384F82A464A93754810281,2026-02-19T21:05:02.920061+00:00
A5FB050373B73DFD032FECD22A6826CCB,"SOUTH CAROLINA JOBS-ECONOMIC DEVELOPMENT AUTHORITY / HOSPITAL REVENUE REFUNDING BONDS (PRISMA HEALTH OBLIGATED GROUP), SERIES 2024",SC,115833000,6.125 %,05/01/2048,09/26/2024,09/26/2024,,,,,,,,,,,0,0,35,https://emma.msrb.org/Security/Details/A5FB050373B73DFD032FECD22A6826CCB,2026-02-19T21:12:48.187916+00:00
AAB305482198402BA906846033F5D8BDE,"LOUISVILLE/JEFFERSON COUNTY METRO GOVERNMENT, KENTUCKY / HOSPITAL REVENUE BONDS (UOFL HEALTH PROJECT) SERIES 2022A",KY,114460000,5 %,05/15/2052,04/05/2022,04/05/2022,,,,,,,,,,,100,0,55,https://emma.msrb.org/Security/Details/AAB305482198402BA906846033F5D8BDE,2026-02-19T21:13:14.191822+00:00
AEE7897B18C253E3FB6A9C1526C841A80,HARRIS COUNTY CULTURAL EDUCATION FACILITIES FINANCE CORPORATION / HOSPITAL REVENUE BONDS SERIES 2022A (FIXED RATE),TX,114100000,4.125 %,07/01/2052,06/08/2022,06/08/2022,,,,,,,,,,,100,0,89,https://emma.msrb.org/Security/Details/AEE7897B18C253E3FB6A9C1526C841A80,2026-02-19T21:14:39.128217+00:00
A5E5FAF5BAAF808F7B58DD58F61B21FFF,WEST VIRGINIA HOSPITAL FINANCE AUTHORITY / HOSPITAL REVENUE IMPROVEMENT BONDS (WEST VIRGINIA UNIVERSITY HEALTH SYSTEM OBLIGATED GROUP) 2023 SERIES A,WV,112485000,4.375 %,06/01/2053,05/24/2023,05/24/2023,,,,,,,,,,,100,0,63,https://emma.msrb.org/Security/Details/A5E5FAF5BAAF808F7B58DD58F61B21FFF,2026-02-19T21:17:24.847002+00:00
A6B29A4FFD9795BDB310889F21D918A3A,ARIZONA INDUSTRIAL DEVELOPMENT AUTHORITY / HOSPITAL REVENUE BONDS (PHOENIX CHILDREN'S HOSPITAL) SERIES 2020A,AZ,112050000,4 %,02/01/2050,08/20/2020,08/20/2020,,,,,,,,,,,100,0,60,https://emma.msrb.org/Security/Details/A6B29A4FFD9795BDB310889F21D918A3A,2026-02-19T21:19:18.584101+00:00
AB7C6105A3F385E7C4CEC3E9F0357F7AD,HARRIS COUNTY CULTURAL EDUCATION FACILITIES FINANCE CORPORATION / HOSPITAL REVENUE BONDS (MEMORIAL HERMANN HEALTH SYSTEM) SERIES 2024F (WEEKLY),TX,111015000,2.1,07/01/2054,06/27/2024,06/27/2024,02/13/2026,,,,,,,,,,100,37,58,https://emma.msrb.org/Security/Details/AB7C6105A3F385E7C4CEC3E9F0357F7AD,2026-02-19T21:20:38.202046+00:00
A9ADDC883CB83FB6754F95E29561CE3D0,HARRIS COUNTY CULTURAL EDUCATION FACILITIES FINANCE CORPORATION / HOSPITAL REVENUE BONDS SERIES 2024D,TX,111015000,2.05,07/01/2054,06/27/2024,06/27/2024,02/13/2026,,,,,,,,,,100,37,60,https://emma.msrb.org/Security/Details/A9ADDC883CB83FB6754F95E29561CE3D0,2026-02-19T21:22:50.954617+00:00
A81BED215418137026B9FC7E0ECC867BF,HARRIS COUNTY CULTURAL EDUCATION FACILITIES FINANCE CORPORATION / HOSPITAL REVENUE BONDS SERIES 2024E,TX,111015000,2.05,07/01/2054,06/27/2024,06/27/2024,02/13/2026,,,,,,,,,,100,37,60,https://emma.msrb.org/Security/Details/A81BED215418137026B9FC7E0ECC867BF,2026-02-19T21:24:41.471021+00:00
A5BF8DB6111F004D34187849F1F665FAB,"COLORADO HEALTH FACILITIES AUTHORITY / HOSPITAL REVENUE BONDS, SERIES 2023A-2 (ADVENTHEALTH OBLIGATED GROUP)",CO,110915000,5 %,11/15/2057,07/12/2023,07/12/2023,,,,,,,,,,,100,0,68,https://emma.msrb.org/Security/Details/A5BF8DB6111F004D34187849F1F665FAB,2026-02-19T21:26:31.890601+00:00
A720909B93E0903B46B1622082C600391,HARRIS COUNTY CULTURAL EDUCATION FACILITIES FINANCE CORPORATION / TEXAS CHILDREN'S HOSPITAL PROJECT SERIES 2015-3,TX,110000000,2.4,10/01/2045,06/03/2015,03/22/2023,02/13/2026,,,,,,,,,,100,33,56,https://emma.msrb.org/Security/Details/A720909B93E0903B46B1622082C600391,2026-02-19T21:33:25.883717+00:00
AF284FCBC18821036E45ECD0CFA8980D1,"RHODE ISLAND HEALTH AND EDUCATIONAL BUILDING CORPORATION / HOSPITAL FINANCING REVENUE BONDS LIFESPAN OBLIGATED GROUP ISSUE, SERIES 2024",RI,109145000,5.25 %,05/15/2054,02/14/2024,02/14/2024,,,,,,,,,,,100,0,68,https://emma.msrb.org/Security/Details/AF284FCBC18821036E45ECD0CFA8980D1,2026-02-19T21:34:22.585240+00:00
AA951DF4F8D70730B0E70EF851B709D4F,"CITY OF COLBY, KANSAS / HOSPITAL LOAN ANTICIPATION REVENUE BONDS, SERIES 2024 (CITIZENS MEDICAL CENTER, INC. PROJECT)",KS,108249000,5.5 %,07/01/2026,04/09/2024,04/09/2024,,,,,,,,,,,35,0,48,https://emma.msrb.org/Security/Details/AA951DF4F8D70730B0E70EF851B709D4F,2026-02-19T21:35:33.465506+00:00
AF3FB40DEC0A379B6AE42ED58E50FB58F,"MASSACHUSETTS DEVELOPMENT FINANCE AGENCY / REVENUE BONDS, CHILDREN HOSPITAL ISSUE, SERIES U-1",MA,108000000,1.75,03/01/2048,02/08/2024,02/08/2024,02/03/2026,,,,,,,,,,100,11,22,https://emma.msrb.org/Security/Details/AF3FB40DEC0A379B6AE42ED58E50FB58F,2026-02-19T21:36:08.930661+00:00
AFEF4CF7DD4419F52D77D11635689F614,"MASSACHUSETTS DEVELOPMENT FINANCE AGENCY / REVENUE BONDS, CHILDREN HOSPITAL ISSUE, SERIES U-2",MA,108000000,1.75,03/01/2048,02/08/2024,02/08/2024,02/03/2026,,,,,,,,,,100,11,22,https://emma.msrb.org/Security/Details/AFEF4CF7DD4419F52D77D11635689F614,2026-02-19T21:37:00.613182+00:00
AA297BF132FCA30EAED70DB437662DE27,"COUNTY OF ALLEN, OHIO / HOSPITAL FACILITIES REVENUE BONDS SERIES 2022B-1",OH,107270000,5 %,10/01/2049,09/29/2022,09/29/2022,,,,,,,,,,,94,0,95,https://emma.msrb.org/Security/Details/AA297BF132FCA30EAED70DB437662DE27,2026-02-19T21:37:46.237541+00:00
AC113B65FB27F8F199053CD1CF87813CB,"HILLSBOROUGH COUNTY INDUSTRIAL DEVELOPMENT AUTHORITY / HOSPITAL REVENUE BONDS (TAMPA GENERAL HOSPITAL PROJECT), SERIES 2020A",FL,106360000,4 %,08/01/2055,10/29/2020,10/29/2020,,,,,,,,,,,100,0,42,https://emma.msrb.org/Security/Details/AC113B65FB27F8F199053CD1CF87813CB,2026-02-19T21:38:36.999865+00:00
AB05D87C438AD96BA1FB89B9CAC3940AA,NEW HOPE CULTURAL EDUCATION FACILITIES FINANCE CORPORATION / HOSPITAL REVENUE BONDS (CHILDREN'S HEALTH SYSTEM OF TEXAS) SERIES 2025A,TX,106190000,5 %,08/15/2052,09/04/2025,09/04/2025,,,,,,,,,,,100,0,19,https://emma.msrb.org/Security/Details/AB05D87C438AD96BA1FB89B9CAC3940AA,2026-02-19T21:39:16.618752+00:00
AF5549D455ECB876EF76955E253FACB71,"COUNTY OF ALLEN, OHIO / HOSPITAL FACILITIES REVENUE BONDS SERIES 2022B-2",OH,106050000,5 %,10/01/2051,09/29/2022,09/29/2022,,,,,,,,,,,100,0,95,https://emma.msrb.org/Security/Details/AF5549D455ECB876EF76955E253FACB71,2026-02-19T21:40:04.574655+00:00
A15129B4A50F7E5D76F7F464596124F3D,HARRIS COUNTY CULTURAL EDUCATION FACILITIES FINANCE CORPORATION / HOSPITAL REVENUE BONDS (MEMORIAL HERMANN HEALTH SYSTEM) 2024B,TX,103910000,5 %,07/01/2034,06/27/2024,06/27/2024,,,,,,,,,,,100,0,58,https://emma.msrb.org/Security/Details/A15129B4A50F7E5D76F7F464596124F3D,2026-02-19T21:40:52.414596+00:00
A7287C1C28547802D41516A0D124CD064,ST. JOHNS COUNTY INDUSTRIAL DEVELOPMENT AUTHORITY / REVENUE BONDS (FLAGLER HEALTH) TAXABLE SERIES 2020A,FL,102385000,3.8 %,10/01/2050,09/01/2020,09/01/2020,,,,,,,,,,,100,0,45,https://emma.msrb.org/Security/Details/A7287C1C28547802D41516A0D124CD064,2026-02-19T21:42:52.028194+00:00
A93E2303741AE5CF7CE31229D6435804E,"COLORADO HEALTH FACILITIES AUTHORITY / HOSPITAL REVENUE BONDS, SERIES 2024A (ADVENTHEALTH OBLIGATED GROUP)",CO,100000000,5 %,11/15/2059,06/20/2024,06/20/2024,,,,,,,,,,,100,0,56,https://emma.msrb.org/Security/Details/A93E2303741AE5CF7CE31229D6435804E,2026-02-19T21:44:49.324821+00:00
A12B99EC4B8973302E8CC03B895466F4F,DISTRICT OF COLUMBIA / REVENUE BONDS (CHILDREN'S HOSPITAL OBLIGATED GROUP ISSUE) SERIES 2025,DC,100000000,2.3,07/15/2049,11/26/2025,11/26/2025,2.3,,,,,,,,,,3,10,12,https://emma.msrb.org/Security/Details/A12B99EC4B8973302E8CC03B895466F4F,2026-02-19T21:45:40.667238+00:00
A9AEFF90CC2CE8A3ED389EE81555AF794,"HIGHLANDS COUNTY HEALTH FACILITIES AUTHORITY / HOSPITAL REVENUE BONDS, SERIES 2025C (ADVENTHEALTH OBLIGATED GROUP)",FL,100000000,1.75,11/15/2060,08/28/2025,08/28/2025,01/14/2026,,,,,,,,,,100,13,17,https://emma.msrb.org/Security/Details/A9AEFF90CC2CE8A3ED389EE81555AF794,2026-02-19T21:46:09.374522+00:00
ABB0956AA75BAAD9A856F3D76FB4BC3B6,"HIGHLANDS COUNTY HEALTH FACILITIES AUTHORITY / HOSPITAL REVENUE BONDS, SERIES 2025D (ADVENTHEALTH OBLIGATED GROUP)",FL,100000000,1.75,11/15/2060,08/28/2025,08/28/2025,01/14/2026,,,,,,,,,,100,13,17,https://emma.msrb.org/Security/Details/ABB0956AA75BAAD9A856F3D76FB4BC3B6,2026-02-19T21:46:45.186076+00:00
AD1322028033942A2E6E89F821F409345,"HILLSBOROUGH COUNTY INDUSTRIAL DEVELOPMENT AUTHORITY / HOSPITAL REVENUE BONDS (TAMPA GENERAL HOSPITAL PROJECT), SERIES 2020A",FL,100000000,3.5 %,08/01/2055,10/29/2020,10/29/2020,,,,,,,,,,,100,0,53,https://emma.msrb.org/Security/Details/AD1322028033942A2E6E89F821F409345,2026-02-19T21:47:20.660733+00:00
A09FA7BDA99711699362609CE76F0B323,MICHIGAN FIN AUTH REV / HOSP BDS TRINITY HEALTH 2016MI-1,MI,100000000,3.07 %,03/01/2051,02/11/2016,-,,,,,,,,,,,0,0,0,https://emma.msrb.org/Security/Details/A09FA7BDA99711699362609CE76F0B323,2026-02-19T21:49:07.111790+00:00
A286A5D0FCB9052E10B6A25FE568CCD46,"MICHIGAN FINANCE AUTHORITY / HOSPITAL REVENUE BONDS (TRINITY HEALTH CREDIT GROUP), SERIES MI 2022A, (FIXED RATE MODE)",MI,100000000,2.75 %,12/01/2047,01/25/2022,01/25/2022,,,,,,,,,,,100,0,84,https://emma.msrb.org/Security/Details/A286A5D0FCB9052E10B6A25FE568CCD46,2026-02-19T21:49:44.909372+00:00
AF4774CAE134EBB9D8BCE5807AF7F07A1,"COUNTY OF ALLEN, OHIO / BON SECOURS MERCY HEALTH ADJUSTABLE RATE HOSPITAL FACILITIES REVENUE BONDS SERIES 2012B (CATHOLIC HEALTH PARTNERS)",OH,100000000,2.35,05/01/2036,05/10/2012,07/24/2024,02/13/2026,,,,,,,,,,100,106,107,https://emma.msrb.org/Security/Details/AF4774CAE134EBB9D8BCE5807AF7F07A1,2026-02-19T21:50:38.843305+00:00
A497E2B2AC4413C5AA6A422B9BEAEAA60,"COUNTY OF ALLEN, OHIO / HOSPITAL FACILITIES REVENUE BONDS, SERIES 2025C (BON SECOURS MERCY HEALTH, INC.)",OH,100000000,2.18,11/01/2050,05/07/2025,05/07/2025,02/13/2026,,,,,,,,,,63,26,53,https://emma.msrb.org/Security/Details/A497E2B2AC4413C5AA6A422B9BEAEAA60,2026-02-19T21:51:33.330732+00:00
A6646603121899FAE73E52E4172B98F19,"COUNTY OF FRANKLIN, OHIO / VARIABLE RATE DEMAND HOSPITAL IMPROVEMENT REVENUE BONDS, SERIES 2025B (NATIONWIDE CHILDREN'S HOSPITAL) SERIES 2025B-2",OH,100000000,1.8,11/01/2065,12/04/2025,12/04/2025,1.8,,,,,,,,,,60,10,4,https://emma.msrb.org/Security/Details/A6646603121899FAE73E52E4172B98F19,2026-02-19T21:52:13.206539+00:00
A1FA992BB92792428B0E65C73CFCC983C,PHILADELPHIA AUTHORITY FOR INDUSTRIAL DEVELOPMENT / (THE CHILDREN’S HOSPITAL OF PHILADELPHIA PROJECT) HOSPITAL REVENUE BONDS SERIES B-1 OF 2024,PA,100000000,1.75,07/01/2054,10/24/2024,10/24/2024,1.75,,,,,,,,,,100,10,20,https://emma.msrb.org/Security/Details/A1FA992BB92792428B0E65C73CFCC983C,2026-02-19T21:52:42.589894+00:00
AB3E69B8A41E1AA6C4BEB1997C733A43D,PHILADELPHIA AUTHORITY FOR INDUSTRIAL DEVELOPMENT / (THE CHILDREN’S HOSPITAL OF PHILADELPHIA PROJECT) HOSPITAL REVENUE BONDS SERIES B-2 OF 2024,PA,100000000,1.75,07/01/2054,10/24/2024,10/24/2024,1.75,,,,,,,,,,100,10,13,https://emma.msrb.org/Security/Details/AB3E69B8A41E1AA6C4BEB1997C733A43D,2026-02-19T21:53:19.634613+00:00
AE5297747D4C4967FFD53FE519A863A69,NEW HOPE CULTURAL EDUCATION FACILITIES FINANCE CORPORATION / HOSPITAL REVENUE BONDS (CHILDREN'S HEALTH SYSTEM OF TEXAS) SERIES 2025C,TX,100000000,1.85,08/01/2055,09/04/2025,09/04/2025,1.85,,,,,,,,,,56,10,20,https://emma.msrb.org/Security/Details/AE5297747D4C4967FFD53FE519A863A69,2026-02-19T21:55:54.248167+00:00
A57320BA9F4E76903389261C7D14C617C,"UTAH COUNTY, UTAH / VARIABLE RATE HOSPITAL REVENUE BONDS, SERIES 2016C (IHC HEALTH SERVICES, INC.)",UT,100000000,2.5,05/15/2051,07/13/2016,08/01/2024,01/12/2026,,,,,,,,,,100,171,119,https://emma.msrb.org/Security/Details/A57320BA9F4E76903389261C7D14C617C,2026-02-19T21:56:35.732679+00:00
AA0BE63C225632E71CC4C595C0B79DCC2,WEST VIRGINIA HOSPITAL FINANCE AUTHORITY / HOSPITAL REFUNDING AND IMPROVEMENT REVENUE BONDS (VANDALIA HEALTH GROUP) SERIES 2023B,WV,100000000,6 %,09/01/2053,10/31/2023,10/31/2023,,,,,,,,,,,100,0,49,https://emma.msrb.org/Security/Details/AA0BE63C225632E71CC4C595C0B79DCC2,2026-02-19T21:57:34.295567+00:00
AA85E4EDA4082F7D60DA3791C9C40DFA2,WEST VIRGINIA HOSPITAL FINANCE AUTHORITY / HOSPITAL REVENUE IMPROVEMENT BONDS (WEST VIRGINIA UNIVERSITY HEALTH SYSTEM OBLIGATED GROUP) 2025 SERIES B (LONG-TERM RATE),WV,100000000,5 %,06/01/2055,07/10/2025,07/10/2025,,,,,,,,,,,100,0,31,https://emma.msrb.org/Security/Details/AA85E4EDA4082F7D60DA3791C9C40DFA2,2026-02-19T21:58:31.852176+00:00
A8279F6F219C70A6C516DB538C92AA7A2,"SOUTH CAROLINA JOBS-ECONOMIC DEVELOPMENT AUTHORITY / HOSPITAL FACILITIES REVENUE BONDS, SERIES 2025B (BON SECOURS MERCY HEALTH, INC.) LONG TERM MODE HOSPITAL FACILITIES REVENUE BONDS, SERIES 2025B-1 (BON SECOURS MERCY HEALTH, INC.)",SC,99640000,5 %,11/01/2055,05/07/2025,05/07/2025,,,,,,,,,,,77,0,49,https://emma.msrb.org/Security/Details/A8279F6F219C70A6C516DB538C92AA7A2,2026-02-19T21:59:19.390265+00:00
AC5D3DA49F3CC1C7F54FDFC936A3F5F07,INDIANA FINANCE AUTHORITY / HOSPITAL REVENUE BONDS (PARKVIEW HEALTH SYSTEM OBLIGATED GROUP) SERIES 2009D,IN,99590000,1.75,11/01/2039,08/27/2009,12/13/2023,02/17/2026,,,,,,,,,,100,260,150,https://emma.msrb.org/Security/Details/AC5D3DA49F3CC1C7F54FDFC936A3F5F07,2026-02-19T22:00:04.236854+00:00
A69D5C7706D4C48B5FF8BBE32690737A8,ORANGE COUNTY HEALTH FACILITIES AUTHORITY / HOSPITAL REVENUE BONDS (ORLANDO HEALTH OBLIGATED GROUP) SERIES 2023A,FL,99315000,5 %,10/01/2053,02/02/2023,02/02/2023,,,,,,,,,,,100,0,53,https://emma.msrb.org/Security/Details/A69D5C7706D4C48B5FF8BBE32690737A8,2026-02-19T22:01:15.169522+00:00
ABC4B336C8B266BC392FB46447E24A377,HARRIS COUNTY CULTURAL EDUCATION FACILITIES FINANCE CORPORATION / HOSPITAL REVENUE BONDS (MEMORIAL HERMANN HEALTH SYSTEM) 2024B,TX,98845000,5 %,07/01/2031,06/27/2024,06/27/2024,,,,,,,,,,,100,0,58,https://emma.msrb.org/Security/Details/ABC4B336C8B266BC392FB46447E24A377,2026-02-19T22:01:53.753046+00:00
A5C0267DEA902BA6507C6D7EAF33F496A,"MIAMI-DADE COUNTY HEALTH FACILITIES AUTHORITY / REVENUE AND REVENUE REFUNDING BONDS, SERIES 2021A",FL,98810000,4 %,08/01/2051,11/10/2021,11/10/2021,,,,,,,,,,,100,0,33,https://emma.msrb.org/Security/Details/A5C0267DEA902BA6507C6D7EAF33F496A,2026-02-19T22:05:22.193371+00:00
AABAD4000B2C697DB5FD0E75A81912134,MICHIGAN FINANCE AUTHORITY / HOSPITAL REVENUE REFUNDING BONDS (COREWELL HEALTH) SERIES 2025D (WEEKLY MODE),MI,98165000,2.09,01/15/2055,05/07/2025,05/07/2025,2.09,,,,,,,,,,32,10,16,https://emma.msrb.org/Security/Details/AABAD4000B2C697DB5FD0E75A81912134,2026-02-19T22:06:56.978513+00:00
AEBA61472E6BE050B8A783658C6A5CB45,TARRANT COUNTY CULTURAL EDUCATIONAL FACILITIES FINANCE CORPORATION / HOSPITAL REVENUE REFUNDING BONDS (BAYLOR SCOTT & WHITE HEALTH PROJECT) SERIES 2024A (DAILY),TX,96970000,1.45,11/15/2050,12/04/2024,12/04/2024,02/18/2026,,,,,,,,,,100,25,48,https://emma.msrb.org/Security/Details/AEBA61472E6BE050B8A783658C6A5CB45,2026-02-19T22:07:33.084555+00:00
A16E9062B84A54CA9D38E8EFCCA6F59A8,"CITY OF ALBANY CAPITAL RESOURCE CORPORATION / TAX-EXEMPT REVENUE BONDS (ALBANY MEDICAL CENTER HOSPITAL PROJECT), SERIES 2025A",NY,96755000,5.25 %,05/01/2050,10/30/2025,10/30/2025,,,,,,,,,,,100,0,2,https://emma.msrb.org/Security/Details/A16E9062B84A54CA9D38E8EFCCA6F59A8,2026-02-19T22:08:20.671613+00:00
AA9252DFAC10C8307CB9D26C002D4FF24,HARRIS CNTY TEX CULTURAL ED FACS FIN CORP REV / HOSP BDS TEXAS CHILDRENS HOSP 2021 D,TX,90350000,2.62 %,10/01/2041,07/20/2021,-,,,,,,,,,,,0,0,8,https://emma.msrb.org/Security/Details/AA9252DFAC10C8307CB9D26C002D4FF24,2026-02-19T22:11:14.116482+00:00
AB3DC4C851C75CFCE84C1F1228B03A7D0,"CALIFORNIA PUBLIC FINANCE AUTHORITY / REVENUE BONDS, SERIES 2022B (HOAG MEMORIAL HOSPITAL PRESBYTERIAN)",CA,90000000,1.22,07/15/2062,04/06/2022,04/06/2022,11/20/2025,,,,,,,,,,100,32,50,https://emma.msrb.org/Security/Details/AB3DC4C851C75CFCE84C1F1228B03A7D0,2026-02-19T22:11:39.053723+00:00
A7D5725F40147C6605A0534C8A12DD563,"CALIFORNIA PUBLIC FINANCE AUTHORITY / REVENUE BONDS, SERIES 2022B (HOAG MEMORIAL HOSPITAL PRESBYTERIAN)",CA,90000000,1.22,07/15/2062,04/06/2022,04/06/2022,11/20/2025,,,,,,,,,,100,32,50,https://emma.msrb.org/Security/Details/A7D5725F40147C6605A0534C8A12DD563,2026-02-19T22:12:24.067192+00:00
A3CDDF5726611C77951F0D06990DFBEB5,KANSAS DEVELOPMENT FINANCE AUTHORITY ADVENTHEALTH OBLIGATED GROUP / HOSPITAL REVENUE BONDS SERIES 2021B,KS,89575000,5 %,11/15/2054,07/01/2021,07/01/2021,,,,,,,,,,,47,0,100,https://emma.msrb.org/Security/Details/A3CDDF5726611C77951F0D06990DFBEB5,2026-02-19T22:13:07.087913+00:00
AA02A2D8DD16EE692F5F6CE0E8229C0FE,CALIFORNIA HEALTH FACS FING AUTH REV / REF BDS LUCILE SALTER PACKARD CHILDRENS HOSP AT STANFORD 2024 B,CA,89280000,5 %,08/15/2034,06/25/2024,-,,,,,,,,,,,100,0,22,https://emma.msrb.org/Security/Details/AA02A2D8DD16EE692F5F6CE0E8229C0FE,2026-02-19T22:23:16.159905+00:00
A3E1F2C1EBF92946C9804DC028149CF1C,"STATE OF OHIO (CLEVELAND CLINIC HEALTH SYSTEM OBLIGATED GROUP) / HOSPITAL REVENUE BONDS, SERIES 2019C",OH,89000000,2.75 %,01/01/2052,05/09/2019,05/01/2023,,,,,,,,,,,100,0,65,https://emma.msrb.org/Security/Details/A3E1F2C1EBF92946C9804DC028149CF1C,2026-02-19T22:24:00.360914+00:00
AC8E3B685C2C990254F3F67B1F4EE52D0,KANSAS DEVELOPMENT FINANCE AUTHORITY ADVENTHEALTH OBLIGATED GROUP / HOSPITAL REVENUE BONDS SERIES 2021B,KS,88865000,5 %,11/15/2054,07/01/2021,07/01/2021,,,,,,,,,,,100,0,102,https://emma.msrb.org/Security/Details/AC8E3B685C2C990254F3F67B1F4EE52D0,2026-02-19T22:25:37.085848+00:00
AFAEEF98B921BADF8BA3EA36B0F48C042,WEST VIRGINIA HOSPITAL FINANCE AUTHORITY / HOSPITAL REFUNDING AND IMPROVEMENT REVENUE BONDS (VANDALIA HEALTH GROUP) SERIES 2023B,WV,88715000,5.375 %,09/01/2053,10/31/2023,10/31/2023,,,,,,,,,,,100,0,54,https://emma.msrb.org/Security/Details/AFAEEF98B921BADF8BA3EA36B0F48C042,2026-02-19T22:35:52.426266+00:00
A842F494F650E748AB6EAEC6C55878669,TARRANT COUNTY CULTURAL EDUCATION FACILITIES FINANCE CORPORATION / HOSPITAL REVENUE REFUNDING BONDS (BAYLOR SCOTT & WHITE HEALTH PROJECT) SERIES 2024B (DAILY),TX,88455000,1.35,08/01/2050,12/04/2024,12/04/2024,02/18/2026,,,,,,,,,,100,23,47,https://emma.msrb.org/Security/Details/A842F494F650E748AB6EAEC6C55878669,2026-02-19T22:36:50.230789+00:00
ABDA4C845A30E04A54732D686E9271413,"SOUTH CAROLINA JOBS-ECONOMIC DEVELOPMENT AUTHORITY / TAXABLE HOSPITAL REVENUE BONDS (CONWAY HOSPITAL, INC.) SERIES 2020",SC,87905000,2.729 %,07/01/2030,10/29/2020,10/29/2020,,,,,,,,,,,100,0,57,https://emma.msrb.org/Security/Details/ABDA4C845A30E04A54732D686E9271413,2026-02-19T22:37:37.845475+00:00
A8719B0BB3CC98A89080B3FC6FB9A5318,"STATE OF OHIO / HOSPITAL REVENUE BONDS, SERIES 2021A (UNIVERSITY HOSPITALS HEALTH SYSTEM, INC.)",OH,87825000,4 %,01/15/2046,10/13/2021,10/13/2021,,,,,,,,,,,100,0,65,https://emma.msrb.org/Security/Details/A8719B0BB3CC98A89080B3FC6FB9A5318,2026-02-19T22:38:18.058333+00:00
A29A42377F9417BC36C21C05A5EEA0D88,FRANKLIN CNTY OHIO REV / HOSP BDS TRINITY HEALTH CORPORATION 2013OH,OH,87245000,-,12/01/2046,10/30/2013,-,,,,,,,,,,,0,0,0,https://emma.msrb.org/Security/Details/A29A42377F9417BC36C21C05A5EEA0D88,2026-02-19T22:39:06.413045+00:00
A703F015867FA5EB60292F049ED30D5C2,"COUNTY OF ALLEN, OHIO / HOSPITAL FACILITIES REVENUE BONDS, SERIES 2025A (BON SECOURS MERCY HEALTH, INC.)",OH,85825000,5 %,11/01/2039,05/07/2025,05/07/2025,,,,,,,,,,,100,0,49,https://emma.msrb.org/Security/Details/A703F015867FA5EB60292F049ED30D5C2,2026-02-19T22:39:35.362142+00:00
A21BAE307DE0AA88B2C3E97A485849ED9,"ECONOMIC DEVELOPMENT AUTHORITY OF THE CITY OF ROANOKE, VIRGINIA / HOSPITAL REVENUE BONDS (CARILION CLINIC OBLIGATED GROUP), SERIES 2020A",VA,76955000,4 %,07/01/2051,04/02/2020,04/02/2020,,,,,,,,,,,100,0,38,https://emma.msrb.org/Security/Details/A21BAE307DE0AA88B2C3E97A485849ED9,2026-02-19T22:44:29.011800+00:00
ACDC11BF1B60D60350154E9D75C4A9BCE,"PUBLIC FINANCE AUTHORITY / HOSPITAL REVENUE BONDS, (RENOWN REGIONAL MEDICAL CENTER PROJECT), SERIES 2020A",WI,76915000,4 %,06/01/2045,10/01/2020,10/01/2020,,,,,,,,,,,100,0,51,https://emma.msrb.org/Security/Details/ACDC11BF1B60D60350154E9D75C4A9BCE,2026-02-19T22:45:12.082793+00:00
AF7FD4D04B82B5C6F0AF7D44AB8FDBE8A,"STATE OF CONNECTICUT HEALTH AND EDUCATIONAL FACILITIES AUTHORITY / REVENUE BONDS, STAMFORD HOSPITAL ISSUE SERIES L-2 (FEDERALLY TAXABLE)",CT,76820000,3.539 %,07/01/2051,03/02/2021,03/02/2021,,,,,,,,,,,100,0,39,https://emma.msrb.org/Security/Details/AF7FD4D04B82B5C6F0AF7D44AB8FDBE8A,2026-02-19T22:45:51.848977+00:00
A363FC87D00301800D7AC9A8F88FAE5A6,HARRIS COUNTY CULTURAL EDUCATION FACILITIES FINANCE CORPORATION / HOSPITAL REVENUE BONDS (TEXAS CHILDREN’S HOSPITAL) SERIES 2024A,TX,76465000,5 %,10/01/2031,09/24/2024,09/24/2024,,,,,,,,,,,100,0,21,https://emma.msrb.org/Security/Details/A363FC87D00301800D7AC9A8F88FAE5A6,2026-02-19T22:46:30.608518+00:00
AD187D15868AE581D0734FEFE9685D417,"STATE OF OHIO / HOSPITAL REVENUE BONDS, SERIES 2013B-2 (CLEVELAND CLINIC HEALTH SYSTEM OBLIGATED GROUP)",OH,75450000,1.75,01/01/2039,05/29/2013,05/01/2023,01/12/2026,,,,,,,,,,100,230,102,https://emma.msrb.org/Security/Details/AD187D15868AE581D0734FEFE9685D417,2026-02-19T22:47:45.948427+00:00
AB22167A8C01A7D479178860F42667568,"INDUSTRIAL DEVELOPMENT AUTHORITY OF ARLINGTON COUNTY, VIRGINIA / HOSPITAL REVENUE BONDS (VIRGINIA HOSPITAL CENTER) SERIES 2020",VA,74930000,3.75 %,07/01/2050,05/20/2020,05/20/2020,,,,,,,,,,,100,0,49,https://emma.msrb.org/Security/Details/AB22167A8C01A7D479178860F42667568,2026-02-19T22:51:53.442509+00:00
A7599DB4A70DA7D2DFDF6D0138B8008FE,"THE INDUSTRIAL DEVELOPMENT AUTHORITY OF THE CITY OF YUMA, ARIZONA / HOSPITAL REVENUE BONDS (YUMA REGIONAL MEDICAL CENTER) SERIES 2024A",AZ,74860000,5.25 %,08/01/2054,10/08/2024,10/08/2024,,,,,,,,,,,100,0,25,https://emma.msrb.org/Security/Details/A7599DB4A70DA7D2DFDF6D0138B8008FE,2026-02-19T22:52:33.667636+00:00
A26622BBE72B41223B6FDF108AA4EE9DA,HARRIS COUNTY CULTURAL EDUCATION FACILITIES FINANCE CORPORATION HOSPITAL REVENUE BONDS / (TEXAS CHILDREN'S HOSPITAL) SERIES 2021-B,TX,74340000,5 %,10/01/2051,07/20/2021,07/20/2021,,,,,,,,,,,100,0,61,https://emma.msrb.org/Security/Details/A26622BBE72B41223B6FDF108AA4EE9DA,2026-02-19T22:53:14.049619+00:00
A177A5FCFAF3937B797ED97E8E6554F99,"SOUTH CAROLINA JOBS-ECONOMIC DEVELOPMENT AUTHORITY / HOSPITAL REVENUE BONDS (PRISMA HEALTH OBLIGATED GROUP), SERIES 2018C",SC,74305000,1.75,05/01/2048,12/05/2018,06/13/2024,02/12/2026,,,,,,,,,,100,29,50,https://emma.msrb.org/Security/Details/A177A5FCFAF3937B797ED97E8E6554F99,2026-02-19T22:54:29.934495+00:00
AD2201698E0EDB4526A34C2280033C152,"LOUISVILLE/JEFFERSON COUNTY METRO GOVERNMENT, KENTUCKY / HOSPITAL REVENUE BONDS (UOFL HEALTH PROJECT), TAXABLE SERIES 2022B",KY,74090000,4.764 %,05/15/2042,04/05/2022,04/05/2022,,,,,,,,,,,100,0,58,https://emma.msrb.org/Security/Details/AD2201698E0EDB4526A34C2280033C152,2026-02-19T22:55:07.538360+00:00
A24BFC59FBE987C155B564BD3CED9FBBA,"MICHIGAN FINANCE AUTHORITY / HOSPITAL REVENUE LOAN ANTICIPATION NOTES (MCKENZIE HEALTH SYSTEM PROJECT), SERIES 2025",MI,74070000,4 %,01/01/2028,10/21/2025,10/21/2025,,,,,,,,,,,4,0,4,https://emma.msrb.org/Security/Details/A24BFC59FBE987C155B564BD3CED9FBBA,2026-02-19T22:55:51.041186+00:00
AD009E9727C677E5B239C1E50071276D9,MICHIGAN FINANCE AUTHORITY / HOSPITAL REVENUE REFUNDING BONDS (BEAUMONT-SPECTRUM CONSOLIDATION) SERIES 2022A (FIXED MODE),MI,72175000,5 %,04/15/2032,05/12/2022,05/12/2022,,,,,,,,,,,100,0,41,https://emma.msrb.org/Security/Details/AD009E9727C677E5B239C1E50071276D9,2026-02-19T22:57:14.716076+00:00
A682A991346C86128655DB3FCF1DC3F99,"MINNESOTA AGRICULTURAL AND ECONOMIC DEVELOPMENT BOARD / HEALTH CARE FACILITIES REVENUE BONDS (HEALTHPARTNERS OBLIGATED GROUP), SERIES 2024",MN,70830000,5.25 %,01/01/2047,02/01/2024,02/01/2024,,,,,,,,,,,100,0,16,https://emma.msrb.org/Security/Details/A682A991346C86128655DB3FCF1DC3F99,2026-02-19T22:58:01.914684+00:00
A22623BFC8A2D77CDCC0A92F3FE13E7E5,STATE OF OHIO / HOSPITAL FACILITIES REVENUE BONDS (CHILDREN'S HOSPITAL MEDICAL CENTER OF AKRON),OH,67000000,5 %,08/15/2054,06/04/2024,06/04/2024,,,,,,,,,,,100,0,21,https://emma.msrb.org/Security/Details/A22623BFC8A2D77CDCC0A92F3FE13E7E5,2026-02-19T23:01:38.685481+00:00
A9BE3AAE3D0C3C7012B139C243D4C3F9C,"COUNTY OF FRANKLIN, OHIO VARIABLE RATE DEMAND HOSPITAL (NATIONWIDE CHILDRENS HOSPITAL) / REVENUE REFUNDING BONDS, SERIES 2022B",OH,66925000,1.8,11/01/2042,05/12/2022,05/12/2022,12/11/2025,,,,,,,,,,100,30,47,https://emma.msrb.org/Security/Details/A9BE3AAE3D0C3C7012B139C243D4C3F9C,2026-02-19T23:02:14.123178+00:00
A907C0ED3543197793EDB1E1B7C938F80,ST. JOHNS COUNTY INDUSTRIAL DEVELOPMENT AUTHORITY / REVENUE BONDS (FLAGLER HEALTH) TAXABLE SERIES 2020B,FL,66430000,2.538 %,10/01/2030,09/01/2020,09/01/2020,,,,,,,,,,,100,0,57,https://emma.msrb.org/Security/Details/A907C0ED3543197793EDB1E1B7C938F80,2026-02-19T23:05:32.246217+00:00
ABB6462C8298E0BF58503867074D925C6,PHILADELPHIA AUTHORITY FOR INDUSTRIAL DEVELOPMENT (THE CHILDREN'S HOSPITAL OF PHILADELPHIA PROJECT) / HOSPITAL REVENUE BONDS SERIES A OF 2024,PA,65965000,5 %,07/01/2046,10/24/2024,10/24/2024,,,,,,,,,,,100,0,17,https://emma.msrb.org/Security/Details/ABB6462C8298E0BF58503867074D925C6,2026-02-19T23:06:17.611634+00:00
AE3329DA2131783ED0F20F2915093E46B,MICHIGAN FINANCE AUTHORITY / HOSPITAL REVENUE BONDS (CHE TRINITY HEALTH CREDIT GROUP) SERIES 2013MI-1,MI,65060000,2.65 %,12/01/2034,10/30/2013,12/01/2025,,,,,,,,,,,100,0,174,https://emma.msrb.org/Security/Details/AE3329DA2131783ED0F20F2915093E46B,2026-02-19T23:07:00.430525+00:00
A53BC98EC2900592091FDC1B53FE4042A,PHILADELPHIA AUTHORITY FOR INDUSTRIAL DEVELOPMENT (THE CHILDREN'S HOSPITAL OF PHILADELPHIA PROJECT) / HOSPITAL REVENUE BONDS SERIES A OF 2024,PA,62815000,5.25 %,07/01/2049,10/24/2024,10/24/2024,,,,,,,,,,,100,0,17,https://emma.msrb.org/Security/Details/A53BC98EC2900592091FDC1B53FE4042A,2026-02-19T23:10:58.710316+00:00
A610B263888CED8E07188EA0A3E112678,"CALIFORNIA PUBLIC FINANCE AUTHORITY / REVENUE BONDS, SERIES 2022A (FIXED PERIOD BONDS)",CA,62805000,4 %,07/15/2051,04/06/2022,04/06/2022,,,,,,,,,,,100,0,39,https://emma.msrb.org/Security/Details/A610B263888CED8E07188EA0A3E112678,2026-02-19T23:12:08.669140+00:00
A56A8704753D3709B3774D5D09518370B,PHILADELPHIA AUTHORITY FOR INDUSTRIAL DEVELOPMENT (THE CHILDREN'S HOSPITAL OF PHILADELPHIA PROJECT) / HOSPITAL REVENUE BONDS SERIES A OF 2024,PA,62750000,5 %,07/01/2045,10/24/2024,10/24/2024,,,,,,,,,,,100,0,17,https://emma.msrb.org/Security/Details/A56A8704753D3709B3774D5D09518370B,2026-02-19T23:12:48.752223+00:00
A5B51F44EE24A3372400DA284855FF99E,LOUISIANA PUBLIC FACILITIES AUTHORITY / HOSPITAL REVENUE BONDS (LOUISIANA CHILDREN'S MEDICAL CENTER PROJECT) CONSISTING OF SERIES 2017B BONDS,LA,62500000,2.21,09/01/2057,12/29/2017,09/11/2025,11/13/2025,,,,,,,,,,46,15,29,https://emma.msrb.org/Security/Details/A5B51F44EE24A3372400DA284855FF99E,2026-02-19T23:13:22.960513+00:00
A66CD5A1C39019FCF9C2380A08767A3EB,LOUISIANA PUBLIC FACILITIES AUTHORITY / HOSPITAL REVENUE BONDS (LOUISIANA CHILDREN'S MEDICAL CENTER PROJECT) SERIES 2017A,LA,62500000,2.22,09/01/2057,12/29/2017,09/11/2025,11/13/2025,,,,,,,,,,91,16,29,https://emma.msrb.org/Security/Details/A66CD5A1C39019FCF9C2380A08767A3EB,2026-02-19T23:13:54.851244+00:00
A66E4DB64E802CF4226CADCEC4018942A,TARRANT COUNTY CULTURAL EDUCATION FACILITIES FINANCE CORPORATION / HOSPITAL REVENUE BONDS (COOK CHILDREN'S MEDICAL CENTER) SERIES 2025 (INTEREST RATE INITIALLY FIXED TO MATURITY),TX,62475000,5.25 %,12/01/2049,02/27/2025,02/27/2025,02/13/2026,,,,,,,,,,111,13,13,https://emma.msrb.org/Security/Details/A66E4DB64E802CF4226CADCEC4018942A,2026-02-19T23:14:30.626363+00:00
ADAA8F290A623D09EF8D9A6C913212510,SOUTH CAROLINA JOBS-ECONOMIC DEVELOPMENT AUTHORITY / HEALTHCARE REVENUE BONDS (BEAUFORT MEMORIAL HOSPITAL & SOUTH OF BROAD HEALTHCARE PROJECT) SERIES 2024,SC,62035000,5.75 %,11/15/2054,10/31/2024,10/31/2024,,,,,,,,,,,83,0,25,https://emma.msrb.org/Security/Details/ADAA8F290A623D09EF8D9A6C913212510,2026-02-19T23:19:22.734430+00:00
A7DFD9706F6BCE37FC0618C53DB5224F0,"MICHIGAN FINANCE AUTHORITY / HOSPITAL REVENUE BONDS (TRINITY HEALTH CREDIT GROUP), SERIES MI 2022B (TERM RATE MODE)",MI,61905000,5 %,12/01/2043,01/25/2022,01/25/2022,,,,,,,,,,,100,0,76,https://emma.msrb.org/Security/Details/A7DFD9706F6BCE37FC0618C53DB5224F0,2026-02-19T23:19:58.415611+00:00
A21AE680EA9415F3712D71A22BB9A3FB1,"INDUSTRIAL DEVELOPMENT AUTHORITY OF ARLINGTON COUNTY, VIRGINIA / HOSPITAL REVENUE BONDS (VIRGINIA HOSPITAL CENTER) SERIES 2020",VA,61895000,4 %,07/01/2045,05/20/2020,05/20/2020,,,,,,,,,,,100,0,49,https://emma.msrb.org/Security/Details/A21AE680EA9415F3712D71A22BB9A3FB1,2026-02-19T23:21:23.176347+00:00
A9DB434304DD71146B70BC45FC08FD7E2,"PALM BEACH COUNTY HEALTH FACILITIES AUTHORITY / HOSPITAL REVENUE BONDS (JUPITER MEDICAL CENTER PROJECT), 2022 SERIES A",FL,61300000,5 %,11/01/2052,07/07/2022,07/07/2022,,,,,,,,,,,100,0,54,https://emma.msrb.org/Security/Details/A9DB434304DD71146B70BC45FC08FD7E2,2026-02-19T23:22:08.820478+00:00
A333AAAF8F89F0E0D463EC21DEAC24BE0,"HILLSBOROUGH COUNTY INDUSTRIAL DEVELOPMENT AUTHORITY / HOSPITAL REVENUE BONDS (TAMPA GENERAL HOSPITAL PROJECT), SERIES 2020A",FL,59675000,4 %,08/01/2045,10/29/2020,10/29/2020,,,,,,,,,,,100,0,53,https://emma.msrb.org/Security/Details/A333AAAF8F89F0E0D463EC21DEAC24BE0,2026-02-19T23:25:37.452891+00:00
A0A2E17860BC769D3CB8CCD1C5B825092,"COUNTY OF ALLEN, OHIO / HOSPITAL FACILITIES REVENUE BONDS, SERIES 2025A (BON SECOURS MERCY HEALTH, INC.)",OH,59635000,5 %,11/01/2040,05/07/2025,05/07/2025,,,,,,,,,,,63,0,49,https://emma.msrb.org/Security/Details/A0A2E17860BC769D3CB8CCD1C5B825092,2026-02-19T23:26:50.639584+00:00
AFB39AC547D12EA202805F32606E0F3E5,"THE HOSPITAL FACILITIES AUTHORITY OF THE CITY OF ASTORIA, OREGON / REVENUE BONDS (COLUMBIA MEMORIAL HOSPITAL PROJECT) SERIES 2024",OR,59425000,5.25 %,08/01/2054,06/05/2024,06/05/2024,,,,,,,,,,,79,0,20,https://emma.msrb.org/Security/Details/AFB39AC547D12EA202805F32606E0F3E5,2026-02-19T23:27:29.284499+00:00
A01854203EB0E4CC5197AC0A9325BAF32,"COUNTY OF HAMILTON, OHIO / HOSPITAL FACILITIES REVENUE BONDS, SERIES 2025A (UC HEALTH)",OH,59295000,5.5 %,08/01/2051,04/01/2025,04/01/2025,,,,,,,,,,,43,0,15,https://emma.msrb.org/Security/Details/A01854203EB0E4CC5197AC0A9325BAF32,2026-02-19T23:28:02.578816+00:00
AB28870D3F502D13276B16770AF5DF54E,CALIFORNIA HEALTH FACILITIES FINANCING AUTHORITY / REVENUE BONDS (EL CAMINO HEALTH) SERIES 2025B (DAILY MODE),CA,59240000,1.15,02/01/2045,06/10/2025,06/10/2025,1.15,,,,,,,,,,47,10,19,https://emma.msrb.org/Security/Details/AB28870D3F502D13276B16770AF5DF54E,2026-02-19T23:28:34.213249+00:00
AF7244D5BB3E610C4269F2C37EF800A36,MICHIGAN FINANCE AUTHORITY / HOSPITAL REVENUE REFUNDING BONDS (BEAUMONT-SPECTRUM CONSOLIDATION) SERIES 2022A (FIXED MODE),MI,59175000,5 %,04/15/2031,05/12/2022,05/12/2022,,,,,,,,,,,100,0,58,https://emma.msrb.org/Security/Details/AF7244D5BB3E610C4269F2C37EF800A36,2026-02-19T23:29:07.238948+00:00
AD18D1B4F19248CFF2FB07AC87C5278AB,"MICHIGAN FINANCE AUTHORITY / HOSPITAL REVENUE REFUNDING BONDS (BRONSON HEALTHCARE GROUP, INC.), SERIES 2020A",MI,59085000,5 %,05/15/2036,02/18/2020,02/18/2020,,,,,,,,,,,100,0,81,https://emma.msrb.org/Security/Details/AD18D1B4F19248CFF2FB07AC87C5278AB,2026-02-19T23:29:49.685925+00:00
AB15865720F50EC870AE10E9A7B837867,"COLORADO HEALTH FACILITIES AUTHORITY / HOSPITAL REVENUE BONDS, SERIES 2023B (ADVENTHEALTH OBLIGATED GROUP) (DELAYED DELIVERY)",CO,58210000,5 %,11/15/2036,08/17/2023,08/17/2023,,,,,,,,,,,69,0,52,https://emma.msrb.org/Security/Details/AB15865720F50EC870AE10E9A7B837867,2026-02-19T23:30:35.094046+00:00
A5C496CF6213AD1FD59A258E1BCD25EFD,THE INDUSTRIAL DEVELOPMENT AUTHORITY OF THE COUNTY OF MARICOPA / HOSPITAL REVENUE BONDS (HONORHEALTH) SERIES 2021A,AZ,55000000,3 %,09/01/2051,02/11/2021,02/11/2021,,,,,,,,,,,100,0,63,https://emma.msrb.org/Security/Details/A5C496CF6213AD1FD59A258E1BCD25EFD,2026-02-19T23:33:26.803722+00:00
AFEA189C55BB9EB92C5B9170514478149,LOUSIANA CHILDREN'S MEDICAL CENTER / HOSPITAL REVENUE BONDS SERIES 2020A,LA,55000000,3 %,06/01/2050,08/04/2020,08/04/2020,,,,,,,,,,,100,0,37,https://emma.msrb.org/Security/Details/AFEA189C55BB9EB92C5B9170514478149,2026-02-19T23:34:11.095308+00:00
AFE8F51195B7D2E7C3EE9C8EEE6CFAF44,"COUNTY OF MONTGOMERY, OHIO / HOSPITAL FACILITIES REVENUE BONDS, SERIES 2021 (DAYTON CHILDREN'S HOSPITAL)",OH,54790000,4 %,08/01/2046,11/01/2021,11/01/2021,,,,,,,,,,,100,0,39,https://emma.msrb.org/Security/Details/AFE8F51195B7D2E7C3EE9C8EEE6CFAF44,2026-02-19T23:36:08.342432+00:00
AF64E93E36DDEA1BADA7A2C90D204BC99,HARRIS COUNTY CULTURAL EDUCATION FACILITIES FINANCE CORPORATION / HOSPITAL REVENUE BONDS SERIES 2022B (FIXED RATE PUT),TX,54740000,5 %,06/01/2050,06/08/2022,06/08/2022,,,,,,,,,,,35,0,89,https://emma.msrb.org/Security/Details/AF64E93E36DDEA1BADA7A2C90D204BC99,2026-02-19T23:36:54.223920+00:00
A4F09F30AC439D812A6CF450DB070D430,THE INDUSTRIAL DEVELOPMENT AUTHORITY OF THE COUNTY OF MARICOPA / HOSPITAL REVENUE BONDS (HONOR HEALTH) SERIES 2024B,AZ,51305000,1.8,12/01/2048,04/25/2024,04/25/2024,12/30/2025,,,,,,,,,,100,27,49,https://emma.msrb.org/Security/Details/A4F09F30AC439D812A6CF450DB070D430,2026-02-19T23:42:14.604775+00:00
AE890DC65C9931C6ECE88EB36521FE2B4,"WISCONSIN HEALTH AND EDUCATIONAL FACILITIES AUTHORITY / REVENUE BONDS, SERIES 2025A (HOSPITAL SISTERS CREDIT GROUP)",WI,51300000,5.5 %,08/15/2048,08/14/2025,08/14/2025,,,,,,,,,,,69,0,33,https://emma.msrb.org/Security/Details/AE890DC65C9931C6ECE88EB36521FE2B4,2026-02-19T23:43:04.289226+00:00
ACFE64CAD4B99B49658D529E188A89890,MICHIGAN FINANCE AUTHORITY / HOSPITAL REVENUE REFUNDING BONDS (BEAUMONT-SPECTRUM CONSOLIDATION) SERIES 2022A (FIXED MODE),MI,51165000,5 %,04/15/2030,05/12/2022,05/12/2022,,,,,,,,,,,100,0,58,https://emma.msrb.org/Security/Details/ACFE64CAD4B99B49658D529E188A89890,2026-02-19T23:44:08.270172+00:00
AFBC0EFF8ADA14F42D67130D4E6FBC2E2,"COLORADO HEALTH FACILITIES AUTHORITY / HOSPITAL REVENUE BONDS (PARKVIEW MEDICAL CENTER, INC. PROJECT) SERIES 2020A",CO,51085000,4 %,09/01/2050,07/15/2020,07/15/2020,,,,,,,,,,,100,0,36,https://emma.msrb.org/Security/Details/AFBC0EFF8ADA14F42D67130D4E6FBC2E2,2026-02-19T23:44:51.165707+00:00
AC675C8991343B098032E3A2106F13A76,MICHIGAN FINANCE AUTHORITY / HOSPITAL REVENUE REFUNDING BONDS (BEAUMONT-SPECTRUM CONSOLIDATION) SERIES 2022A (FIXED MODE),MI,50955000,5 %,04/15/2037,05/12/2022,05/12/2022,,,,,,,,,,,100,0,58,https://emma.msrb.org/Security/Details/AC675C8991343B098032E3A2106F13A76,2026-02-19T23:45:26.256298+00:00
A3B90EA388E1913738E9885AA51BACB38,"MEDICAL UNIVERSITY HOSPITAL AUTHORITY (AN AGENCY OF THE STATE OF SOUTH CAROLINA) / FHA-INSURED HOSPITAL MORTGAGE REVENUE BONDS (INDIAN LAND PROJECT), SERIES 2025",SC,50900000,5.25 %,11/15/2054,12/18/2025,12/18/2025,,,,,,,,,,,100,0,3,https://emma.msrb.org/Security/Details/A3B90EA388E1913738E9885AA51BACB38,2026-02-19T23:47:13.950823+00:00
A66EB91FB19792B2577339E88ADDACE7C,MICHIGAN FIN AUTH REV / HOSP BDS TRINITY HEALTH 2025MI,MI,50600000,5 %,03/01/2031,12/10/2025,-,,,,,,,,,,,0,0,0,https://emma.msrb.org/Security/Details/A66EB91FB19792B2577339E88ADDACE7C,2026-02-19T23:47:55.971647+00:00
ABA6E94FFD4F650747B613D83B3F07BAB,"WISCONSIN HEALTH AND EDUCATIONAL FACILITIES AUTHORITY / REVENUE BONDS, SERIES 2022 (BELLIN MEMORIAL HOSPITAL, INC.) SERIES 2022A",WI,50360000,5.5 %,12/01/2052,12/14/2022,12/14/2022,,,,,,,,,,,100,0,41,https://emma.msrb.org/Security/Details/ABA6E94FFD4F650747B613D83B3F07BAB,2026-02-19T23:48:19.464175+00:00
A73827D5F9FE8412C7E60B4D0BCE2B904,"PUBLIC HOSPITAL DISTRICT NO. 1, SKAGIT COUNTY, WASHINGTON (SKAGIT REGIONAL HEALTH) / HOSPITAL REVENUE BONDS, 2024",WA,50270000,5.5 %,12/01/2054,02/06/2024,02/06/2024,,,,,,,,,,,100,0,23,https://emma.msrb.org/Security/Details/A73827D5F9FE8412C7E60B4D0BCE2B904,2026-02-19T23:49:22.874007+00:00
AEF817F0E03839E06769415A9F4E44CA1,MASSACHUSETTS ST DEV FIN AGY REV / BDS BOSTON CHILDRENS HOSP 2014 Q,MA,50255000,2.61 %,10/01/2042,07/11/2014,-,,,,,,,,,,,0,0,2,https://emma.msrb.org/Security/Details/AEF817F0E03839E06769415A9F4E44CA1,2026-02-19T23:50:03.402805+00:00
A1794F8104687D7ED18EBD3AF126A3135,"ORANGE COUNTY (FLORIDA) HEALTH FACILITIES AUTHORITY / HOSPITAL REVENUE BONDS, SERIES 2021C",FL,50220000,5 %,11/15/2052,07/01/2021,07/01/2021,,,,,,,,,,,54,0,100,https://emma.msrb.org/Security/Details/A1794F8104687D7ED18EBD3AF126A3135,2026-02-19T23:50:26.833553+00:00
A91AEFA0E9C1A95BD238765B476669329,"THE INDUSTRIAL DEVELOPMENT AUTHORITY OF THE CITY OF YUMA, ARIZONA / HOSPITAL REVENUE BONDS (YUMA REGIONAL MEDICAL CENTER) SERIES 2024A",AZ,50000000,5.25 %,08/01/2049,10/08/2024,10/08/2024,,,,,,,,,,,100,0,25,https://emma.msrb.org/Security/Details/A91AEFA0E9C1A95BD238765B476669329,2026-02-20T00:01:55.395794+00:00
A2AD52C9DFB1C432D169B698D83BA79E8,THE INDUSTRIAL DEVELOPMENT AUTHORITY OF THE COUNTY OF MARICOPA / HOSPITAL REVENUE BONDS (HONORHEALTH) SERIES 2021B (FEDERALLY TAXABLE),AZ,50000000,3.167 %,09/01/2051,02/11/2021,02/11/2021,,,,,,,,,,,100,0,63,https://emma.msrb.org/Security/Details/A2AD52C9DFB1C432D169B698D83BA79E8,2026-02-20T00:02:36.137439+00:00
A469801CD7B421F52F5157D97403DB998,"CALIFORNIA HEALTH FACILITIES FINANCING AUTHORITY / REVENUE BONDS (EL CAMINO HEALTH), SERIES 2025C (DAILY MODE)",CA,50000000,1.15,02/01/2055,06/10/2025,06/10/2025,1.15,,,,,,,,,,57,10,17,https://emma.msrb.org/Security/Details/A469801CD7B421F52F5157D97403DB998,2026-02-20T00:03:23.810808+00:00
AC4F9FF4DCB6056FB34DF2518D6B6CEF8,"SOUTH BROWARD HOSPITAL DISTRICT, FLORIDA / HOSPITAL REVENUE BONDS, TAXABLE SERIES 2021B (SOUTH BROWARD HOSPITAL DISTRICT OBLIGATED GROUP)",FL,50000000,2.85 %,05/01/2052,11/18/2021,11/18/2021,,,,,,,,,,,1,0,50,https://emma.msrb.org/Security/Details/AC4F9FF4DCB6056FB34DF2518D6B6CEF8,2026-02-20T00:03:58.180041+00:00
A3E275FD7751D88D841BFB82F9F09BC0C,"MASSACHUSETTS DEVELOPMENT FINANCE AGENCY / REVENUE BONDS, CHILDREN'S HOSPITAL ISSUE, SERIES T (2024)",MA,50000000,4 %,03/01/2054,02/08/2024,02/08/2024,,,,,,,,,,,100,0,12,https://emma.msrb.org/Security/Details/A3E275FD7751D88D841BFB82F9F09BC0C,2026-02-20T00:04:28.992140+00:00
A5249F3CBCB697C1C671C420FC5A2E710,"STATE OF OHIO / HOSPITAL REVENUE BONDS, (UNIVERSITY HOSPITALS HEALTH SYSTEM, INC.) SERIES 2025C",OH,50000000,1.75,01/15/2050,10/23/2025,10/23/2025,1.75,,,,,,,,,,67,10,14,https://emma.msrb.org/Security/Details/A5249F3CBCB697C1C671C420FC5A2E710,2026-02-20T00:08:27.288578+00:00
A86ED844B0D96ACE2BE40BB117327EBF1,"STATE OF OHIO / HOSPITAL REVENUE BONDS, SERIES 2021D(UNIVERSITY HOSPITALS HEALTH SYSTEM, INC.)",OH,50000000,2.4,01/15/2051,10/13/2021,10/13/2021,02/18/2026,,,,,,,,,,100,64,76,https://emma.msrb.org/Security/Details/A86ED844B0D96ACE2BE40BB117327EBF1,2026-02-20T00:09:00.867279+00:00
A8A7654156D1E9E5EFB35E3B81DBF49A9,"STATE OF OHIO / STATE OF OHIO HOSPITAL REVENUE BONDS, (UNIVERSITY HOSPITALS HEALTH SYSTEM, INC.) SERIES 2025D",OH,50000000,2.4,01/15/2048,10/23/2025,10/23/2025,2.4,,,,,,,,,,9,10,10,https://emma.msrb.org/Security/Details/A8A7654156D1E9E5EFB35E3B81DBF49A9,2026-02-20T00:09:51.938746+00:00
ADFBDAAF455A4353C6823CB2A3F8EE80A,"THE HOSPITAL FACILITIES AUTHORITY OF THE CITY OF ASTORIA, OREGON / REVENUE BONDS (COLUMBIA MEMORIAL HOSPITAL PROJECT) SERIES 2024",OR,50000000,5 %,08/01/2034,06/05/2024,06/05/2024,,,,,,,,,,,64,0,20,https://emma.msrb.org/Security/Details/ADFBDAAF455A4353C6823CB2A3F8EE80A,2026-02-20T00:10:19.001389+00:00
A28BA03012927D72ED24680D9CDF07FB6,"THE HOSPITAL FACILITY AUTHORITY OF DESCHUTES COUNTY, OREGON / HOSPITAL REVENUE BONDS (ST. CHARLES HEALTH SYSTEM, INC.) SERIES 2020B (FEDERALLY TAXABLE)",OR,50000000,3.985 %,01/01/2050,10/22/2020,10/22/2020,,,,,,,,,,,25,0,41,https://emma.msrb.org/Security/Details/A28BA03012927D72ED24680D9CDF07FB6,2026-02-20T00:10:50.740353+00:00
A39A8C23A66C1D5E36F0094C9480243A2,HARRIS COUNTY CULTURAL EDUCATION FACILITIES FINANCE CORPORATION / HOSPITAL REVENUE BONDS (TEXAS CHILDREN'S HOSPITAL) SERIES 2015-2,TX,50000000,2.4,10/01/2045,06/03/2015,03/22/2023,02/13/2026,,,,,,,,,,100,144,83,https://emma.msrb.org/Security/Details/A39A8C23A66C1D5E36F0094C9480243A2,2026-02-20T00:11:22.917346+00:00
A81436BF683958B50B3E3A699A8889267,HARRIS COUNTY CULTURAL EDUCATION FACILITIES FINANCE CORPORATION HOSPITAL REVENUE BONDS / (TEXAS CHILDREN'S HOSPITAL) SERIES 2021-A,TX,50000000,4 %,10/01/2047,07/20/2021,07/20/2021,,,,,,,,,,,100,0,61,https://emma.msrb.org/Security/Details/A81436BF683958B50B3E3A699A8889267,2026-02-20T00:12:32.899826+00:00
AB374F76BFC3740B1786355C033B3C355,TARRANT COUNTY CULTURAL EDUCATION FACILITIES FINANCE CORPORATION / HOSPITAL REVENUE REFUNDING BONDS (BAYLOR SCOTT & WHITE HEALTH PROJECT) SERIES 2024D (WEEKLY),TX,50000000,1.85,11/15/2050,12/04/2024,12/04/2024,02/19/2026,,,,,,,,,,52,25,49,https://emma.msrb.org/Security/Details/AB374F76BFC3740B1786355C033B3C355,2026-02-20T00:13:49.844419+00:00
A1E76259390464850E44A8E6555AB6918,"ECONOMIC DEVELOPMENT AUTHORITY OF THE CITY OF ROANOKE, VIRGINIA / HOSPITAL REVENUE BONDS (CARILION CLINIC OBLIGATED GROUP) SERIES 2025A",VA,50000000,5 %,07/01/2030,10/30/2025,10/30/2025,,,,,,,,,,,93,0,8,https://emma.msrb.org/Security/Details/A1E76259390464850E44A8E6555AB6918,2026-02-20T00:14:36.332115+00:00
AC3A83126F685EC71C84707E559B902A6,"ECONOMIC DEVELOPMENT AUTHORITY OF THE CITY OF ROANOKE, VIRGINIA / HOSPITAL REVENUE BONDS (CARILION CLINIC OBLIGATED GROUP) SERIES 2025B",VA,50000000,2.18,07/01/2058,10/30/2025,10/30/2025,2.18,,,,,,,,,,12,10,15,https://emma.msrb.org/Security/Details/AC3A83126F685EC71C84707E559B902A6,2026-02-20T00:15:12.078302+00:00
A11DCDC898A2EA9367E23EDBF43F09597,VIRGINIA SMALL BUSINESS FINANCING AUTHORITY / HOSPITAL REVENUE BONDS (CARILION CLINIC OBLIGATED GROUP) SERIES 2008A,VA,50000000,1.8,07/01/2042,07/16/2008,12/05/2024,01/28/2026,,,,,,,,,,100,80,53,https://emma.msrb.org/Security/Details/A11DCDC898A2EA9367E23EDBF43F09597,2026-02-20T00:15:46.919602+00:00
A5CB95164AA4F6E7EF6C18E4570B23799,"PUBLIC FINANCE AUTHORITY / HOSPITAL REVENUE BONDS, (RENOWN REGIONAL MEDICAL CENTER PROJECT), SERIES 2020A",WI,50000000,3 %,06/01/2045,10/01/2020,10/01/2020,,,,,,,,,,,100,0,53,https://emma.msrb.org/Security/Details/A5CB95164AA4F6E7EF6C18E4570B23799,2026-02-20T00:16:33.077041+00:00
A72DA649D185BB4EC53DD81D244F75725,"WISCONSIN HEALTH AND EDUCATIONAL FACILITIES AUTHORITY / REVENUE BONDS, SERIES 2025A (HOSPITAL SISTERS CREDIT GROUP)",WI,50000000,5 %,08/15/2030,08/14/2025,08/14/2025,,,,,,,,,,,27,0,17,https://emma.msrb.org/Security/Details/A72DA649D185BB4EC53DD81D244F75725,2026-02-20T00:17:19.708371+00:00
A78142DD2065FFFE1825B35C6C8478883,"ARIZONA INDUSTRIAL DEVELOPMENT AUTHORITY / HOSPITAL REVENUE BONDS (NAVAJO HEALTH FOUNDATION - SAGE MEMORIAL HOSPITAL, INC. PROJECT) SERIES 2024",AZ,49000000,7.625 %,05/01/2054,11/19/2024,12/18/2024,,,,,,,,,,,8,0,14,https://emma.msrb.org/Security/Details/A78142DD2065FFFE1825B35C6C8478883,2026-02-20T00:19:47.782047+00:00
A07A05576831D16DB9FD91A5FEBCF346D,"KENTUCKY BOND DEVELOPMENT CORPORATION / HOSPITAL REVENUE BONDS, CITY OF WILLIAMSBURG, SERIES 2025A (BAPTIST HEALTHCARE SYSTEM OBLIGATED GROUP) (TERM RATE)",KY,48720000,5 %,08/15/2055,02/25/2025,02/25/2025,,,,,,,,,,,78,0,21,https://emma.msrb.org/Security/Details/A07A05576831D16DB9FD91A5FEBCF346D,2026-02-20T00:20:44.021003+00:00
A3B00149EC0059211D634EA5B075B8403,MICHIGAN FINANCE AUTHORITY / HOSPITAL REVENUE REFUNDING BONDS (BEAUMONT-SPECTRUM CONSOLIDATION) SERIES 2022A (FIXED MODE),MI,48470000,5 %,04/15/2036,05/12/2022,05/12/2022,,,,,,,,,,,100,0,58,https://emma.msrb.org/Security/Details/A3B00149EC0059211D634EA5B075B8403,2026-02-20T00:21:37.110060+00:00
AE42AF710529D124F3199BB2C61B607DF,"HALIFAX HOSPITAL MEDICAL CENTER (DAYTONA BEACH, FLORIDA) / HOSPITAL REVENUE BONDS, SERIES 2024",FL,48360000,5.25 %,06/01/2054,08/28/2024,08/28/2024,,,,,,,,,,,100,0,37,https://emma.msrb.org/Security/Details/AE42AF710529D124F3199BB2C61B607DF,2026-02-20T00:22:53.575548+00:00
AFB6499189F55B61C02097798115B7C17,"WISCONSIN HEALTH AND EDUCATIONAL FACILITIES AUTHORITY / REVENUE BONDS, SERIES 2020 (CHILDREN'S HOSPITAL OF WISCONSIN, INC.)",WI,48335000,3 %,08/15/2052,10/29/2020,10/29/2020,,,,,,,,,,,100,0,43,https://emma.msrb.org/Security/Details/AFB6499189F55B61C02097798115B7C17,2026-02-20T00:24:46.440945+00:00
A6BA99E21BF4DC6CF7E017F7CD645BF97,"BUCKS COUNTY INDUSTRIAL DEVELOPMENT AUTHORITY / HOSPITAL REVENUE BONDS, (GRAND VIEW HOSPITAL PROJECT), SERIES 2021",PA,48160000,5 %,07/01/2054,03/11/2021,03/11/2021,,,,,,,,,,,100,0,73,https://emma.msrb.org/Security/Details/A6BA99E21BF4DC6CF7E017F7CD645BF97,2026-02-20T00:25:26.494561+00:00
A495CD5B76324440CE67DAE795A460BE4,MASSACHUSETTS ST DEV FIN AGY REV / REF BDS EMERSON HOSP 2025,MA,47995000,5.75 %,02/01/2041,02/18/2025,-,,,,,,,,,,,1,0,7,https://emma.msrb.org/Security/Details/A495CD5B76324440CE67DAE795A460BE4,2026-02-20T00:26:12.280340+00:00
A4562AF1253210D09BF646D877A46C62C,SOUTH CAROLINA JOBS - ECONOMIC DEVELOPMENT AUTHORITY / HOSPITAL FACILITIES REVENUE BONDS SERIES 2022A,SC,47760000,5 %,10/01/2035,09/29/2022,09/29/2022,,,,,,,,,,,100,0,95,https://emma.msrb.org/Security/Details/A4562AF1253210D09BF646D877A46C62C,2026-02-20T00:26:39.593378+00:00
A638E58E45FB1DD9F3B82DF7D3E5ECC7A,"HAMILTON COUNTY, OHIO / HOSPITAL FACILITIES REVENUE REFUNDING AND IMPROVEMENT BONDS, SERIES 2021B (TRIHEALTH, INC. OBLIGATED GROUP PROJECT)",OH,47400000,1.8,08/15/2051,05/27/2021,11/02/2023,01/22/2026,,,,,,,,,,100,55,69,https://emma.msrb.org/Security/Details/A638E58E45FB1DD9F3B82DF7D3E5ECC7A,2026-02-20T00:27:31.700113+00:00
A7A3FBDF119C0370EA5669DEB7C90035B,MICHIGAN FINANCE AUTHORITY / HOSPITAL REVENUE REFUNDING BONDS (BEAUMONT-SPECTRUM CONSOLIDATION) SERIES 2022A (FIXED MODE),MI,47290000,5 %,04/15/2028,05/12/2022,05/12/2022,,,,,,,,,,,100,0,58,https://emma.msrb.org/Security/Details/A7A3FBDF119C0370EA5669DEB7C90035B,2026-02-20T00:28:18.437349+00:00
A4C51BC9FB0C6862E0EF883E313F4398F,ORANGE CNTY FLA HEALTH FACS AUTH REV / HOSP BDS ADVENTHEALTH 2021 C,FL,47195000,5 %,11/15/2052,07/01/2021,-,,,,,,,,,,,100,0,71,https://emma.msrb.org/Security/Details/A4C51BC9FB0C6862E0EF883E313F4398F,2026-02-20T00:28:59.802327+00:00
A34BA830DF29979146FCD1A2DE8895BF4,SOUTH CAROLINA JOBS - ECONOMIC DEVELOPMENT AUTHORITY / HOSPITAL FACILITIES REVENUE BONDS SERIES 2022A,SC,46660000,5 %,10/01/2037,09/29/2022,09/29/2022,,,,,,,,,,,100,0,95,https://emma.msrb.org/Security/Details/A34BA830DF29979146FCD1A2DE8895BF4,2026-02-20T00:38:53.547391+00:00
A1803683CCB935F29FE4BCDEC243E44A4,PUBLIC FINANCE AUTHORITY / HOSPITAL REVENUE BONDS (RENOWN REGIONAL MEDICAL CENTER PROJECT) SERIES 2025B (FIXED RATE BONDS),WI,46640000,5 %,06/01/2030,07/30/2025,07/30/2025,,,,,,,,,,,32,0,14,https://emma.msrb.org/Security/Details/A1803683CCB935F29FE4BCDEC243E44A4,2026-02-20T00:39:40.837712+00:00
A57E239187199C4132BED634DEB53022A,"COUNTY OF WASHINGTON, OHIO / HOSPITAL FACILITIES REVENUE BONDS, SERIES 2022 (MEMORIAL HEALTH SYSTEM OBLIGATED GROUP)",OH,46580000,6.625 %,12/01/2042,09/21/2022,09/21/2022,,,,,,,,,,,25,0,75,https://emma.msrb.org/Security/Details/A57E239187199C4132BED634DEB53022A,2026-02-20T00:40:10.326144+00:00
AB206711AEF95C030AB59FB41F36009A0,"PUBLIC HOSPITAL DISTRICT NO. 2, JEFFERSON COUNTY, WASHINGTON / HOSPITAL REVENUE AND REFUNDING BONDS, 2023A",WA,46380000,6.875 %,12/01/2053,12/19/2023,12/19/2023,,,,,,,,,,,6,0,39,https://emma.msrb.org/Security/Details/AB206711AEF95C030AB59FB41F36009A0,2026-02-20T00:40:49.762656+00:00
A87FA6B3CC7BB1E05702A618195A14401,FLORIDA DEVELOPMENT FINANCE CORPORATION HEALTHCARE FACILITIES / REVENUE BONDS (TAMPA GENERAL HOSPITAL PROJECT) 2024A (FIXED MODE),FL,46350000,5.25 %,08/01/2049,02/21/2024,02/21/2024,,,,,,,,,,,100,0,31,https://emma.msrb.org/Security/Details/A87FA6B3CC7BB1E05702A618195A14401,2026-02-20T00:41:18.892195+00:00
AC3340A61B15DAE320CD2EF83412FACEF,HILLSBOROUGH CNTY FLA INDL DEV AUTH HOSP REV / BDS TAMPA GEN HOSP 2020A,FL,46300000,4 %,08/01/2050,10/29/2020,-,,,,,,,,,,,100,0,0,https://emma.msrb.org/Security/Details/AC3340A61B15DAE320CD2EF83412FACEF,2026-02-20T00:42:07.345745+00:00
AB2ADFF7D175079AFE0C5F0AE585F1D51,MICHIGAN FINANCE AUTHORITY / HOSPITAL REVENUE BONDS (TRINITY HEALTH CREDIT GROUP) SERIES 2016 MI-2 FIXED RATE,MI,46160000,4 %,03/01/2051,02/01/2016,01/25/2022,,,,,,,,,,,100,0,104,https://emma.msrb.org/Security/Details/AB2ADFF7D175079AFE0C5F0AE585F1D51,2026-02-20T00:42:38.954840+00:00
A55ACA4AE317911990FE5C1DAEEFBDA3F,"ASANTE HEALTH SYSTEM OBLIGATED GROUP / THE HOSPITAL FACILITIES AUTHORITY OF THE CITY OF MEDFORD, OREGON REVENUE AND REFUNDING BONDS (ASANTE PROJECTS), SERIES 2020A",OR,45035000,5 %,08/15/2045,07/21/2020,07/21/2020,,,,,,,,,,,100,0,55,https://emma.msrb.org/Security/Details/A55ACA4AE317911990FE5C1DAEEFBDA3F,2026-02-20T00:45:55.930497+00:00
A2EB22CC713F87B9BE2546C71B07C14C8,TARRANT COUNTY CULTURAL EDUCATIONAL FACILITIES FINANCE CORPORATION / HOSPITAL REVENUE REFUNDING BONDS (BAYLOR SCOTT & WHITE HEALTH PROJECT) SERIES 2024C (WEEKLY),TX,45000000,1.95,11/15/2050,12/04/2024,12/04/2024,02/19/2026,,,,,,,,,,60,25,49,https://emma.msrb.org/Security/Details/A2EB22CC713F87B9BE2546C71B07C14C8,2026-02-20T00:46:33.635304+00:00
A424E1B652A2FEED3FA6956BE707A6C7D,"COLORADO HEALTH FACILITIES AUTHORITY / HOSPITAL REVENUE BONDS, SERIES 2024B (ADVENTHEALTH OBLIGATED GROUP)",CO,44990000,5 %,11/15/2039,06/20/2024,06/20/2024,,,,,,,,,,,100,0,56,https://emma.msrb.org/Security/Details/A424E1B652A2FEED3FA6956BE707A6C7D,2026-02-20T00:47:19.161400+00:00
AB14BB067B2FEA08E26472AB978B855B3,COLORADO HEALTH FACILITIES AUTHORITY / HOSPITAL REVENUE REFUNDING BONDS SERIES 2020B,CO,44415000,2.1,12/01/2052,07/01/2020,07/01/2020,01/22/2026,,,,,,,,,,100,104,103,https://emma.msrb.org/Security/Details/AB14BB067B2FEA08E26472AB978B855B3,2026-02-20T00:48:02.346061+00:00
ACF2BA2541939E9D9871641E445F92A01,DORMITORY AUTHORITY OF THE STATE OF NEW YORK MAIMONIDES MEDICAL CENTER / FHA-INSURED MORTGAGE HOSPITAL REVENUE BONDS SERIES 2020,NY,44365000,3 %,02/01/2050,08/06/2020,08/06/2020,,,,,,,,,,,100,0,34,https://emma.msrb.org/Security/Details/ACF2BA2541939E9D9871641E445F92A01,2026-02-20T00:48:51.082443+00:00
A2B800CD02A2D8439C0C0ADD7D7FD711B,THE INDUSTRIAL DEVELOPMENT AUTHORITY OF THE COUNTY OF MARICOPA / HOSPITAL REVENUE BONDS (HONORHEALTH) SERIES 2024A,AZ,44225000,5 %,12/01/2034,04/25/2024,04/25/2024,,,,,,,,,,,100,0,45,https://emma.msrb.org/Security/Details/A2B800CD02A2D8439C0C0ADD7D7FD711B,2026-02-20T00:49:36.946455+00:00
A271C361910DC55CD9D9AAE6D4E96BEB8,TARRANT COUNTY CULTURAL EDUCATION FACILITIES FINANCE CORPORATION / HOSPITAL REVENUE BONDS (COOK CHILDREN'S MEDICAL CENTER) SERIES 2020,TX,43975000,4 %,12/01/2045,02/25/2020,02/25/2020,,,,,,,,,,,100,0,42,https://emma.msrb.org/Security/Details/A271C361910DC55CD9D9AAE6D4E96BEB8,2026-02-20T00:50:16.610645+00:00
A32385D610741C9C28C07F31167F42563,"NATIONAL FINANCE AUTHORITY, NEW HAMPSHIRE / HOSPITAL FACILITIES REVENUE BONDS (SAINT ELIZABETH MEDICAL CENTER, INC.) TAXABLE SERIES 2021B",NH,43770000,3.272 %,05/01/2051,10/20/2021,10/20/2021,,,,,,,,,,,13,0,51,https://emma.msrb.org/Security/Details/A32385D610741C9C28C07F31167F42563,2026-02-20T00:51:00.919604+00:00
A238B405761287E900A6B0C3AD63FA8C1,MICHIGAN FINANCE AUTHORITY / HOSPITAL REVENUE REFUNDING BONDS (BEAUMONT-SPECTRUM CONSOLIDATION) SERIES 2022A (FIXED MODE),MI,43540000,5 %,04/15/2027,05/12/2022,05/12/2022,,,,,,,,,,,100,0,58,https://emma.msrb.org/Security/Details/A238B405761287E900A6B0C3AD63FA8C1,2026-02-20T00:51:42.226276+00:00
A8F65BEF1DCCA202D0676B1EE180225C9,"SOUTH CAROLINA JOBS-ECONOMIC DEVELOPMENT AUTHORITY / HOSPITAL REVENUE BONDS (ANMED HEALTH), SERIES 2023",SC,43245000,4.25 %,02/01/2048,09/07/2023,09/07/2023,,,,,,,,,,,100,0,37,https://emma.msrb.org/Security/Details/A8F65BEF1DCCA202D0676B1EE180225C9,2026-02-20T00:52:25.359792+00:00
AFE6660E21A4561BD31BD74F9AFBA72F5,"THE SPECIAL CARE FACILITIES FINANCING AUTHORITY OF THE CITY OF BIRMINGHAM CHILDREN'S HOSPITAL / HEALTH CARE FACILITIES REVENUE BONDS, CHILDREN'S HOSPITAL SERIES 2025A",AL,43100000,5.25 %,06/01/2055,10/15/2025,10/15/2025,,,,,,,,,,,100,0,4,https://emma.msrb.org/Security/Details/AFE6660E21A4561BD31BD74F9AFBA72F5,2026-02-20T00:53:38.356656+00:00
A9B7B7D84C737AD76E7ED843F79C3406B,"NATIONAL FINANCE AUTHORITY / HOSPITAL REVENUE BONDS, SERIES 2021B (ST. LUKES UNIVERSITY HEALTH NETWORK PROJECT)",NH,43090000,3 %,08/15/2051,11/23/2021,11/23/2021,,,,,,,,,,,100,0,59,https://emma.msrb.org/Security/Details/A9B7B7D84C737AD76E7ED843F79C3406B,2026-02-20T00:54:13.628844+00:00
A51F9B7DF099638F76999CF7B7E293F80,CALIFORNIA HEALTH FACILITIES FINANCING AUTHORITY / REVENUE BONDS (CHILDREN'S HOSPITAL OF ORANGE COUNTY) SERIES 2021A,CA,42430000,2.125 %,11/01/2041,08/03/2021,08/03/2021,,,,,,,,,,,23,0,43,https://emma.msrb.org/Security/Details/A51F9B7DF099638F76999CF7B7E293F80,2026-02-20T00:58:15.716320+00:00
AB9F11B47B6BBBCAB3CEEA7B6668B24D3,"COUNTY OF WARREN, KENTUCKY / HOSPITAL REVENUE BONDS, SERIES 2024 (BOWLING GREEN-WARREN COUNTY COMMUNITY HOSPITAL CORPORATION)",KY,42360000,5.25 %,04/01/2049,02/07/2024,02/07/2024,,,,,,,,,,,100,0,59,https://emma.msrb.org/Security/Details/AB9F11B47B6BBBCAB3CEEA7B6668B24D3,2026-02-20T00:59:37.716562+00:00
A7BD5292038101FA39092A3445A06BEA1,ARIZONA INDUSTRIAL DEVELOPMENT AUTHORITY / HOSPITAL REVENUE BONDS (PHOENIX CHILDREN'S HOSPITAL) SERIES 2020A,AZ,42060000,3 %,02/01/2045,08/20/2020,08/20/2020,,,,,,,,,,,100,0,60,https://emma.msrb.org/Security/Details/A7BD5292038101FA39092A3445A06BEA1,2026-02-20T01:00:18.312420+00:00
AE7288C47B03D7FC1E17AF889D7C687FC,CALIFORNIA HEALTH FACILITIES FINANCING AUTHORITY / REFUNDING REVENUE BONDS STANFORD HOSPITAL AND CLINICS 2008 SERIES B-2-SUBSERIES 1,CA,42050000,0.96 %,11/15/2045,06/02/2008,10/04/2023,,,,,,,,,,,100,0,169,https://emma.msrb.org/Security/Details/AE7288C47B03D7FC1E17AF889D7C687FC,2026-02-20T01:01:03.609015+00:00
A3BF5B496E5D60F8B59E07FCE4D1F40E5,CALIFORNIA HEALTH FACILITIES FINANCING AUTHORITY / REFUNDING REVENUE BONDS STANFORD HOSPITAL AND CLINICS 2008 SERIES B-2-SUBSERIES 1,CA,42050000,-,11/15/2045,06/02/2008,10/04/2023,,,,,,,,,,,100,0,106,https://emma.msrb.org/Security/Details/A3BF5B496E5D60F8B59E07FCE4D1F40E5,2026-02-20T01:02:18.799820+00:00
AE1AD7B0B411747B97F71466853D9EA19,"WISCONSIN HEALTH AND EDUCATIONAL FACILITIES AUTHORITY / REVENUE BONDS, SERIES 2020 (CHILDREN'S HOSPITAL OF WISCONSIN, INC.)",WI,40000000,4 %,08/15/2050,10/29/2020,10/29/2020,,,,,,,,,,,100,0,43,https://emma.msrb.org/Security/Details/AE1AD7B0B411747B97F71466853D9EA19,2026-02-20T01:07:31.003713+00:00
AA60EB2713313F08E02E8E360DC0CEA31,COLORADO HEALTH FACILITIES AUTHORITY / HOSPITAL REVENUE BONDS (CRAIG HOSPITAL PROJECT) SERIES 2025A,CO,39990000,5.5 %,12/01/2055,11/12/2025,11/12/2025,,,,,,,,,,,90,0,9,https://emma.msrb.org/Security/Details/AA60EB2713313F08E02E8E360DC0CEA31,2026-02-20T01:08:08.457710+00:00
A6CB07EB9AAFF6E1ACB7B4F1E9680D12A,"UTAH COUNTY, UTAH / HOSPITAL REVENUE BONDS, SERIES 2020A (IHC HEALTH SERVICES, INC.)",UT,39905000,4 %,05/15/2043,07/09/2020,07/09/2020,,,,,,,,,,,100,0,96,https://emma.msrb.org/Security/Details/A6CB07EB9AAFF6E1ACB7B4F1E9680D12A,2026-02-20T01:08:42.273359+00:00
AB9CACEFCB9B963CDC1F5A4F28AF4F12C,"THE HEALTH AND EDUCATIONAL FACILITIES BOARD OF THE CITY OF JOHNSON CITY, TENNESSEEE / HOSPITAL REVENUE IMPROVEMENT BONDS, (BALLAD HEALTH) SERIES 2023B (LONG-TERM INTEREST RATE BONDS)",TN,39555000,5 %,07/01/2033,05/18/2023,05/18/2023,02/10/2026,,,,,,,,,,2,30,30,https://emma.msrb.org/Security/Details/AB9CACEFCB9B963CDC1F5A4F28AF4F12C,2026-02-20T01:09:34.192789+00:00
A6301676E35A5DCCCA34A06EB11D2DA37,"COLORADO HEALTH FACILITIES AUTHORITY / HOSPITAL REVENUE BONDS, SERIES 2024A (ADVENTHEALTH OBLIGATED GROUP)",CO,39495000,5 %,11/15/2059,06/20/2024,06/20/2024,,,,,,,,,,,78,0,56,https://emma.msrb.org/Security/Details/A6301676E35A5DCCCA34A06EB11D2DA37,2026-02-20T01:13:47.056800+00:00
A6F59097B5FD6DE4D272796C1200ACD12,TARRANT COUNTY CULTURAL EDUCATION FACILITIES FINANCE CORPORATION / HOSPITAL REVENUE BONDS (METHODIST HOSPITALS OF DALLAS) SERIES 2022,TX,39355000,4 %,10/01/2042,02/15/2022,02/15/2022,,,,,,,,,,,100,0,51,https://emma.msrb.org/Security/Details/A6F59097B5FD6DE4D272796C1200ACD12,2026-02-20T01:14:25.733078+00:00
AB2157A1E14ACA79DDF9F5C8B5F013A6C,"DORMITORY AUTHORITY OF THE STATE OF NEW YORK MOUNT SINAI OBLIGATED GROUP / REVENUE BONDS, SERIES 2025",NY,38420000,5 %,07/01/2045,08/07/2025,08/07/2025,,,,,,,,,,,100,0,9,https://emma.msrb.org/Security/Details/AB2157A1E14ACA79DDF9F5C8B5F013A6C,2026-02-20T01:16:07.276620+00:00
AE7B9EA006A90E06E5C6B4DB1D122AF56,"ASANTE HEALTH SYSTEM OBLIGATED GROUP / THE HOSPITAL FACILITIES AUTHORITY OF THE CITY OF MEDFORD, OREGON REVENUE AND REFUNDING BONDS (ASANTE PROJECTS), SERIES 2020A",OR,38335000,5 %,08/15/2050,07/21/2020,07/21/2020,,,,,,,,,,,100,0,55,https://emma.msrb.org/Security/Details/AE7B9EA006A90E06E5C6B4DB1D122AF56,2026-02-20T01:16:42.647429+00:00
A19DAA10FDEA6B41B28EDEBF6B44B365F,"ECONOMIC DEVELOPMENT AUTHORITY OF THE CITY OF ROANOKE, VIRGINIA / HOSPITAL REVENUE BONDS (CARILION CLINIC OBLIGATED GROUP), SERIES 2020D",VA,38175000,5 %,07/01/2053,04/02/2020,04/02/2020,,,,,,,,,,,91,0,38,https://emma.msrb.org/Security/Details/A19DAA10FDEA6B41B28EDEBF6B44B365F,2026-02-20T01:17:20.834205+00:00
A9D7E1DD6125CD4A48A187D8FC8E0D348,FLORIDA DEVELOPMENT FINANCE CORPORATION HEALTHCARE FACILITIES / REVENUE BONDS (TAMPA GENERAL HOSPITAL PROJECT) 2024A (FIXED MODE),FL,38000000,4.5 %,08/01/2055,02/21/2024,02/21/2024,,,,,,,,,,,100,0,31,https://emma.msrb.org/Security/Details/A9D7E1DD6125CD4A48A187D8FC8E0D348,2026-02-20T01:18:05.655166+00:00
AA3040E0BECBEC19C85B1F67E5F855150,FLORIDA DEVELOPMENT FINANCE CORPORATION HEALTHCARE FACILITIES / REVENUE BONDS (TAMPA GENERAL HOSPITAL PROJECT) 2024A (FIXED MODE),FL,37990000,5.25 %,08/01/2055,02/21/2024,02/21/2024,,,,,,,,,,,100,0,31,https://emma.msrb.org/Security/Details/AA3040E0BECBEC19C85B1F67E5F855150,2026-02-20T01:19:49.813438+00:00
A5DD9C660D09A64B4C7CE6956CB48E7BD,"BOARD OF REGENTS, STATE OF IOWA / HOSPITAL REVENUE BONDS, SERIES S.U.I. 2022B (UNIVERSITY OF IOWA HOSPITALS AND CLINICS)",IA,37635000,3 %,09/01/2056,02/01/2022,02/10/2022,,,,,,,,,,,100,0,29,https://emma.msrb.org/Security/Details/A5DD9C660D09A64B4C7CE6956CB48E7BD,2026-02-20T01:20:36.111720+00:00
AEB7C3570C7EA5708A697961C526E9DE8,"PALM BEACH COUNTY HEALTH FACILITIES AUTHORITY / HOSPITAL REVENUE BONDS (JUPITER MEDICAL CENTER PROJECT), 2022 SERIES A",FL,37340000,5 %,11/01/2047,07/07/2022,07/07/2022,,,,,,,,,,,100,0,54,https://emma.msrb.org/Security/Details/AEB7C3570C7EA5708A697961C526E9DE8,2026-02-20T01:22:02.803751+00:00
A60C34DF7CE4EE170EAF446B1C7610BF7,"BOARD OF REGENTS, STATE OF IOWA, IOWA / HOSPITAL REVENUE BONDS, SERIES S.U.I. 2022A (UNIVERSITY OF IOWA HOSPITALS AND CLINICS)",IA,37100000,2.75 %,09/01/2051,02/01/2022,02/10/2022,,,,,,,,,,,1,0,28,https://emma.msrb.org/Security/Details/A60C34DF7CE4EE170EAF446B1C7610BF7,2026-02-20T01:23:46.867617+00:00
A5C81F7DBD031F1EF544A5857384C883D,NEW HOPE CULTURAL EDUCATION FACILITIES FINANCE CORPORATION / HOSPITAL REVENUE BONDS (CHILDREN'S HEALTH SYSTEM OF TEXAS) SERIES 2025A,TX,37045000,5.25 %,08/15/2045,09/04/2025,09/04/2025,,,,,,,,,,,42,0,19,https://emma.msrb.org/Security/Details/A5C81F7DBD031F1EF544A5857384C883D,2026-02-20T01:25:44.472412+00:00
A62D80A2C2F625CD31475729172A33E1C,ILLINOIS STATE FINANCE AUTHORITY / VARIABLE RATE-LITTLE COMPANY MARY HOSPITAL 2008A,IL,36680000,2.22,08/15/2035,04/29/2008,06/09/2022,02/12/2026,,,,,,,,,,100,140,100,https://emma.msrb.org/Security/Details/A62D80A2C2F625CD31475729172A33E1C,2026-02-20T01:27:22.907540+00:00
A117B15ACDF0BECFD21F5E52AED249392,ILLINOIS STATE FINANCE AUTHORITY / REVENUE VARIABLE RATE BONDS- LITTLE MARY HOSPITAL - 2008B,IL,36670000,2.22,08/15/2035,04/29/2008,06/09/2022,02/12/2026,,,,,,,,,,100,140,100,https://emma.msrb.org/Security/Details/A117B15ACDF0BECFD21F5E52AED249392,2026-02-20T01:28:50.935707+00:00
A53755D05773B86E0AECF91E4F010426A,"HOUSING AND REDEVELOPMENT AUTHORITY OF THE CITY OF SAINT PAUL, MINNESOTA / HEALTH CARE FACILITIES REVENUE REFUNDING BONDS (HEALTHPARTNERS OBLIGATED GROUP), SERIES 2025",MN,36495000,5 %,07/01/2032,05/14/2025,05/14/2025,,,,,,,,,,,89,0,7,https://emma.msrb.org/Security/Details/A53755D05773B86E0AECF91E4F010426A,2026-02-20T01:30:14.478114+00:00
A3E0F71A39D8423AC7B8A58DF499C21C6,"AKRON, BATH, AND COPLEY JOINT TOWNSHIP HOSPITAL DISTRICT, OHIO / HOSPITAL FACILITIES REFUNDING REVENUE BONDS, SERIES 2020 (SUMMA HEALTH OBLIGATED GROUP)",OH,36375000,3 %,11/15/2040,10/14/2020,10/14/2020,,,,,,,,,,,100,0,46,https://emma.msrb.org/Security/Details/A3E0F71A39D8423AC7B8A58DF499C21C6,2026-02-20T01:31:50.265982+00:00
A6C756CE682AA2C867CDBC34EDF6686EA,"STATE OF OHIO / HOSPITAL REVENUE BONDS, SERIES 2018 (UNIVERSITY HOSPITALS HEALTH SYSTEM, INC.) SERIES 2018B",OH,36355000,1.8,01/15/2047,09/26/2018,10/23/2025,02/18/2026,,,,,,,,,,100,106,83,https://emma.msrb.org/Security/Details/A6C756CE682AA2C867CDBC34EDF6686EA,2026-02-20T01:32:27.136626+00:00
A1E07CE55BBF67D0F0D9E69FD517C9E33,MICHIGAN FINANCE AUTHORITY / HOSPITAL REVENUE REFUNDING BONDS (MCLAREN HEALTH CARE) SERIES 2015D-1,MI,36215000,1.2 %,10/15/2030,05/04/2015,05/12/2021,,,,,,,,,,,100,0,59,https://emma.msrb.org/Security/Details/A1E07CE55BBF67D0F0D9E69FD517C9E33,2026-02-20T01:33:21.129171+00:00
A720C4CB381B1EF73C114BE4F644A0A12,"DORMITORY AUTHORITY OF THE STATE OF NEW YORK / THE NEW YORK AND PRESBYTERIAN HOSPITAL OBLIGATED GROUP REVENUE BONDS, SERIES 2023A",NY,36125000,5 %,08/01/2038,08/29/2023,08/29/2023,,,,,,,,,,,100,0,31,https://emma.msrb.org/Security/Details/A720C4CB381B1EF73C114BE4F644A0A12,2026-02-20T01:35:00.329714+00:00
A6E2646C8F6DAE9CD9F5C52609164C35B,"ASANTE HEALTH SYSTEM OBLIGATED GROUP / THE HOSPITAL FACILITIES AUTHORITY OF THE CITY OF MEDFORD, OREGON REVENUE AND REFUNDING BONDS (ASANTE PROJECTS), SERIES 2020A",OR,36005000,3 %,08/15/2050,07/21/2020,07/21/2020,,,,,,,,,,,100,0,55,https://emma.msrb.org/Security/Details/A6E2646C8F6DAE9CD9F5C52609164C35B,2026-02-20T01:36:34.770053+00:00
AA9E651C96221E793F76D2996C6A7BBD5,"COUNTY OF MONTGOMERY, OHIO / HOSPITAL FACILITIES IMPROVEMENT AND REFUNDING REVENUE BONDS, SERIES 2021 (KETTERING HEALTH NETWORK OBLIGATED GROUP PROJECT)",OH,36000000,3 %,08/01/2051,02/10/2021,02/10/2021,,,,,,,,,,,100,0,35,https://emma.msrb.org/Security/Details/AA9E651C96221E793F76D2996C6A7BBD5,2026-02-20T01:38:15.730118+00:00
A038D03CC14D57676E2034965B8852C80,MICHIGAN FINANCE AUTHORITY / HOSPITAL REVENUE REFUNDING BONDS (BEAUMONT-SPECTRUM CONSOLIDATION) SERIES 2022A (FIXED MODE),MI,35930000,5 %,04/15/2033,05/12/2022,05/12/2022,,,,,,,,,,,100,0,58,https://emma.msrb.org/Security/Details/A038D03CC14D57676E2034965B8852C80,2026-02-20T01:39:58.495011+00:00
A59A7DA1639EE59B1B64D8EFD5542D9E8,HARRIS COUNTY CULTURAL EDUCATION FACILITIES FINANCE CORPORATION / HOSPITAL REVENUE BONDS (MEMORIAL HERMANN HEALTH SYSTEM) 2024B,TX,35765000,5 %,07/01/2038,06/27/2024,06/27/2024,,,,,,,,,,,100,0,58,https://emma.msrb.org/Security/Details/A59A7DA1639EE59B1B64D8EFD5542D9E8,2026-02-20T01:40:41.041357+00:00
AAE174EF085277D8A124022B49DF429C9,THE INDUSTRIAL DEVELOPMENT AUTHORITY OF THE COUNTY OF MARICOPA / HOSPITAL REVENUE BONDS (HONORHEALTH) SERIES 2021A,AZ,35715000,4 %,09/01/2051,02/11/2021,02/11/2021,,,,,,,,,,,100,0,63,https://emma.msrb.org/Security/Details/AAE174EF085277D8A124022B49DF429C9,2026-02-20T01:42:53.965549+00:00
AE8432F570257189F6678B51610DE3143,INDIANA FINANCE AUTHORITY / HOSPITAL REVENUE BONDS (REID HEALTH) SERIES 2022,IN,35700000,4.25 %,01/01/2047,07/27/2022,07/27/2022,,,,,,,,,,,100,0,63,https://emma.msrb.org/Security/Details/AE8432F570257189F6678B51610DE3143,2026-02-20T01:44:41.188260+00:00
A377684000575C785BE6114A44752DFC8,"PUBLIC HOSPITAL DISTRICT NO. 4, KING COUNTY, WASHINGTON (SNOQUALMIE VALLEY HEALTH) / HOSPITAL REVENUE AND REFUNDING BONDS, SERIES 2025A",WA,35700000,6.625 %,12/01/2045,10/08/2025,10/08/2025,,,,,,,,,,,13,0,7,https://emma.msrb.org/Security/Details/A377684000575C785BE6114A44752DFC8,2026-02-20T01:45:23.280333+00:00
AC3C3B99AFA6C315F02D068D96EC4EFE3,"CITY OF MIAMI BEACH HEALTH FACILITIES AUTHORITY / HOSPITAL REVENUE BONDS, SERIES 2021B (MOUNT SINAI MEDICAL CENTER OF FLORIDA)",FL,35690000,4 %,11/15/2046,09/21/2021,09/21/2021,,,,,,,,,,,100,0,59,https://emma.msrb.org/Security/Details/AC3C3B99AFA6C315F02D068D96EC4EFE3,2026-02-20T01:45:56.278642+00:00
A5C61D47DC4FEEAB76239A7FFAFACF826,STATE OF OHIO / HOSPITAL REVENUE BONDS SERIES 2020A (FIXED INTEREST RATE),OH,35685000,3 %,01/15/2045,01/23/2020,01/23/2020,02/18/2026,,,,,,,,,,122,79,61,https://emma.msrb.org/Security/Details/A5C61D47DC4FEEAB76239A7FFAFACF826,2026-02-20T01:47:18.938799+00:00
A3C724AE376C758542696ECFF2F3D974E,"PULASKI COUNTY, ARKANSAS / HOSPITAL REVENUE BONDS (ARKANSAS CHILDREN'S HOSPITAL), SERIES 2023",AR,35600000,5.25 %,03/01/2053,06/28/2023,06/28/2023,,,,,,,,,,,100,0,15,https://emma.msrb.org/Security/Details/A3C724AE376C758542696ECFF2F3D974E,2026-02-20T01:52:19.246567+00:00
A594AFDFAC18A8992AE913164BD3FA864,"PUBLIC FINANCE AUTHORITY / HOSPITAL REVENUE AND REVENUE REFUNDING BONDS (UNC HEALTH SOUTHEASTERN), SERIES 2021A",WI,35255000,4 %,02/01/2051,09/29/2021,09/29/2021,,,,,,,,,,,100,0,81,https://emma.msrb.org/Security/Details/A594AFDFAC18A8992AE913164BD3FA864,2026-02-20T01:52:59.926528+00:00
A6D5A96A44127B6460091292DDEF6515D,NEW HOPE CULTURAL EDUCATION FACILITIES FINANCE CORPORATION / HOSPITAL REVENUE BONDS (CHILDREN'S HEALTH SYSTEM OF TEXAS) SERIES 2025A,TX,35190000,5.25 %,08/15/2044,09/04/2025,09/04/2025,,,,,,,,,,,50,0,19,https://emma.msrb.org/Security/Details/A6D5A96A44127B6460091292DDEF6515D,2026-02-20T01:53:53.120035+00:00
A1E3A3FFA33610F99D1008C67DD963F5C,"RHODE ISLAND HEALTH AND EDUCATIONAL BUILDING CORPORATION / HOSPITAL FINANCING REVENUE BONDS LIFESPAN OBLIGATED GROUP ISSUE, SERIES 2024",RI,35185000,5.25 %,05/15/2049,02/14/2024,02/14/2024,,,,,,,,,,,97,0,68,https://emma.msrb.org/Security/Details/A1E3A3FFA33610F99D1008C67DD963F5C,2026-02-20T01:54:42.261220+00:00
A9A1ED00E179313725573A3F996599A1B,"NATIONAL FINANCE AUTHORITY, NEW HAMPSHIRE / HOSPITAL FACILITIES REVENUE BONDS (SAINT ELIZABETH MEDICAL CENTER, INC.) SERIES 2021A",NH,35120000,4 %,05/01/2051,10/20/2021,10/20/2021,,,,,,,,,,,100,0,51,https://emma.msrb.org/Security/Details/A9A1ED00E179313725573A3F996599A1B,2026-02-20T01:55:35.846890+00:00
A954B5D9870AF9FC814681941F0A44C47,MICHIGAN FINANCE AUTHORITY / HOSPITAL REVENUE REFUNDING BONDS (BEAUMONT-SPECTRUM CONSOLIDATION) SERIES 2022A (FIXED MODE),MI,35095000,4 %,04/15/2042,05/12/2022,05/12/2022,,,,,,,,,,,100,0,58,https://emma.msrb.org/Security/Details/A954B5D9870AF9FC814681941F0A44C47,2026-02-20T01:56:14.414628+00:00
A2B18704C97A550DF41FD142F35612AE9,"ILLINOIS FINANCE AUTHORITY / REVENUE REFUNDING BONDS, SERIES 2025B-1 (SILVER CROSS HOSPITAL AND MEDICAL CENTERS) (LONG-TERM MODE)",IL,35000000,5 %,08/15/2043,05/20/2025,05/20/2025,,,,,,,,,,,8,0,10,https://emma.msrb.org/Security/Details/A2B18704C97A550DF41FD142F35612AE9,2026-02-20T01:56:54.708407+00:00
A32C9F424462A7D870424E61BC8ACB8B6,"ILLINOIS FINANCE AUTHORITY / REVENUE REFUNDING BONDS, SERIES 2025B-2 (SILVER CROSS HOSPITAL AND MEDICAL CENTERS) (LONG-TERM MODE)",IL,35000000,5 %,08/15/2044,05/20/2025,05/20/2025,,,,,,,,,,,5,0,10,https://emma.msrb.org/Security/Details/A32C9F424462A7D870424E61BC8ACB8B6,2026-02-20T01:57:20.767582+00:00
A5F1A6403A22690309BBDEB1B3920F6D0,"COUNTY OF ALLEN, OHIO / HOSPITAL FACILITIES REVENUE BONDS, SERIES 2025A (BON SECOURS MERCY HEALTH, INC.)",OH,35000000,5 %,11/01/2041,05/07/2025,05/07/2025,,,,,,,,,,,55,0,49,https://emma.msrb.org/Security/Details/A5F1A6403A22690309BBDEB1B3920F6D0,2026-02-20T01:58:31.426806+00:00
A53CE545070BB6A0DCD769B0EC70C8F45,"COUNTY OF HAMILTON, OHIO / HOSPITAL FACILITIES REVENUE BONDS, SERIES 2020 (UC HEALTH)",OH,35000000,4 %,09/15/2050,04/22/2020,04/22/2020,,,,,,,,,,,100,0,56,https://emma.msrb.org/Security/Details/A53CE545070BB6A0DCD769B0EC70C8F45,2026-02-20T01:59:09.004114+00:00
A1E061593842A8B7B67362BA98722A715,"WISCONSIN HEALTH AND EDUCATIONAL FACILITIES AUTHORITY / REVENUE BONDS, SERIES 2025A (HOSPITAL SISTERS CREDIT GROUP)",WI,35000000,5 %,08/15/2048,08/14/2025,08/14/2025,,,,,,,,,,,100,0,33,https://emma.msrb.org/Security/Details/A1E061593842A8B7B67362BA98722A715,2026-02-20T01:59:49.208117+00:00
A3FFE18741115D7001B9A2848DF8264A9,"SOUTH CAROLINA JOBS-ECONOMIC DEVELOPMENT AUTHORITY / HOSPITAL FACILITIES REVENUE BONDS, SERIES 2025A (BON SECOURS MERCY HEALTH, INC.)",SC,34930000,5.25 %,11/01/2044,05/07/2025,05/07/2025,,,,,,,,,,,100,0,26,https://emma.msrb.org/Security/Details/A3FFE18741115D7001B9A2848DF8264A9,2026-02-20T02:00:23.884576+00:00
A9286BEF2FCAF2ED039E52AB9F8A7A3E2,HARRIS COUNTY CULTURAL EDUCATION FACILITIES FINANCE CORPORATION / HOSPITAL REVENUE BONDS (MEMORIAL HERMANN HEALTH SYSTEM) 2024B,TX,34145000,5 %,07/01/2037,06/27/2024,06/27/2024,,,,,,,,,,,100,0,58,https://emma.msrb.org/Security/Details/A9286BEF2FCAF2ED039E52AB9F8A7A3E2,2026-02-20T02:03:01.047613+00:00
A949439381AB32464E3D2A7DE060A5D1D,"DORMITORY AUTHORITY OF THE STATE OF NEW YORK / THE NEW YORK AND PRESBYTERIAN HOSPITAL OBLIGATED GROUP REVENUE BONDS, SERIES 2023A",NY,33930000,5 %,08/01/2033,08/29/2023,08/29/2023,,,,,,,,,,,100,0,31,https://emma.msrb.org/Security/Details/A949439381AB32464E3D2A7DE060A5D1D,2026-02-20T02:06:17.485861+00:00
A0B1F5D25F365146EC731332DA9019869,"KARNES COUNTY HOSPITAL DISTRICT (A POLITICAL SUBDIVISION OF THE STATE OF TEXAS LOCATED IN KARNES COUNTY) / ADJUSTABLE-RATE HOSPITAL REVENUE REFUNDING BONDS, SERIES 2024",TX,33785000,5 %,02/01/2044,08/01/2024,08/30/2024,,,,,,,,,,,4,0,27,https://emma.msrb.org/Security/Details/A0B1F5D25F365146EC731332DA9019869,2026-02-20T02:08:07.465691+00:00
AB639DF9B4520D4BB126EDDC893071E87,NEW HOPE CULTURAL EDUCATION FACILITIES FINANCE CORPORATION / HOSPITAL REVENUE BONDS (CHILDREN'S HEALTH SYSTEM OF TEXAS) SERIES 2025A,TX,33770000,5.25 %,08/15/2043,09/04/2025,09/04/2025,,,,,,,,,,,50,0,19,https://emma.msrb.org/Security/Details/AB639DF9B4520D4BB126EDDC893071E87,2026-02-20T02:08:38.329821+00:00
AC9B69245158FD77E5DFF2B8C6B1C78B6,"INDIANA FINANCE AUTHORITY ISSUE / HOSPITAL REVENUE BONDS (MARION GENERAL HOSPITAL), SERIES 2020A",IN,33750000,4 %,07/01/2050,11/13/2020,11/13/2020,,,,,,,,,,,100,0,39,https://emma.msrb.org/Security/Details/AC9B69245158FD77E5DFF2B8C6B1C78B6,2026-02-20T02:09:21.226713+00:00
A2F31A7F6F4917BE11A6C7BCC6C4FB715,"HILLSBOROUGH COUNTY INDUSTRIAL DEVELOPMENT AUTHORITY / HOSPITAL REVENUE BONDS (TAMPA GENERAL HOSPITAL PROJECT), SERIES 2020B (TAXABLE)",FL,33705000,4.267 %,08/01/2040,10/29/2020,10/29/2020,,,,,,,,,,,62,0,53,https://emma.msrb.org/Security/Details/A2F31A7F6F4917BE11A6C7BCC6C4FB715,2026-02-20T02:09:56.381398+00:00
ADBEFC70A310016A2F19EF9E2DC6D6A58,"SOUTH CAROLINA JOBS-ECONOMIC DEVELOPMENT AUTHORITY / HOSPITAL FACILITIES REVENUE BONDS, SERIES 2025A (BON SECOURS MERCY HEALTH, INC.)",SC,33195000,5.25 %,11/01/2043,05/07/2025,05/07/2025,,,,,,,,,,,36,0,49,https://emma.msrb.org/Security/Details/ADBEFC70A310016A2F19EF9E2DC6D6A58,2026-02-20T02:10:58.652783+00:00
A12CF1FC4504F77D46066A8118B96C921,"THE SPECIAL CARE FACILITIES FINANCING AUTHORITY OF THE CITY OF BIRMINGHAM CHILDREN'S HOSPITAL / HEALTH CARE FACILITIES REVENUE BONDS, CHILDREN'S HOSPITAL SERIES 2025A",AL,33155000,5.25 %,06/01/2050,10/15/2025,10/15/2025,,,,,,,,,,,42,0,4,https://emma.msrb.org/Security/Details/A12CF1FC4504F77D46066A8118B96C921,2026-02-20T02:12:18.010956+00:00
A6E22F19535C20220EA56BBE69E79A65B,"WISCONSIN HEALTH AND EDUCATIONAL FACILITIES AUTHORITY / REVENUE BONDS, SERIES 2020 (CHILDREN'S HOSPITAL OF WISCONSIN, INC.)",WI,33070000,3 %,08/15/2050,10/29/2020,10/29/2020,,,,,,,,,,,12,0,43,https://emma.msrb.org/Security/Details/A6E22F19535C20220EA56BBE69E79A65B,2026-02-20T02:13:43.120704+00:00
AFADFAD9F99B9C3EE8EB1CCACB314D293,"HOUSING AND REDEVELOPMENT AUTHORITY OF THE CITY OF SAINT PAUL, MINNESOTA / HEALTH CARE FACILITIES REVENUE REFUNDING BONDS (HEALTHPARTNERS OBLIGATED GROUP), SERIES 2025",MN,33065000,5 %,07/01/2030,05/14/2025,05/14/2025,,,,,,,,,,,76,0,7,https://emma.msrb.org/Security/Details/AFADFAD9F99B9C3EE8EB1CCACB314D293,2026-02-20T02:14:18.148999+00:00
A54F610B9D2DDC8C409086E5F54898F8B,"COUNTY OF HAMILTON, OHIO / HOSPITAL FACILITIES REVENUE REFUNDING AND IMPROVEMENT BONDS, SERIES 2020A (TRIHEALTH, INC. OBLIGATED GROUP PROJECT) (FIXED RATE MODE)",OH,33000000,3.75 %,08/15/2050,05/14/2020,05/14/2020,,,,,,,,,,,100,0,56,https://emma.msrb.org/Security/Details/A54F610B9D2DDC8C409086E5F54898F8B,2026-02-20T02:14:48.141562+00:00
A127121267BA3232035E726A30475F294,"HOSPITAL AUTHORITY OF THE CITY OF DUBOIS / HOSPITAL REVENUE BONDS, SERIES 2020, (PENN HIGHLANDS HEALTHCARE)",PA,32775000,4 %,07/15/2050,11/12/2020,11/12/2020,,,,,,,,,,,100,0,99,https://emma.msrb.org/Security/Details/A127121267BA3232035E726A30475F294,2026-02-20T02:16:10.427065+00:00
AFCDF83C9EA979B16B4046C145F7FDAEE,"DORMITORY AUTHORITY OF THE STATE OF NEW YORK / THE NEW YORK AND PRESBYTERIAN HOSPITAL OBLIGATED GROUP REVENUE BONDS, SERIES 2023A",NY,32765000,5 %,08/01/2036,08/29/2023,08/29/2023,,,,,,,,,,,100,0,31,https://emma.msrb.org/Security/Details/AFCDF83C9EA979B16B4046C145F7FDAEE,2026-02-20T02:16:52.636039+00:00
AEA6C4B62A582CCC070DADC9CDF6F0194,"COUNTY OF MONTGOMERY, OHIO / HOSPITAL FACILITIES IMPROVEMENT AND REFUNDING REVENUE BONDS, SERIES 2021 (KETTERING HEALTH NETWORK OBLIGATED GROUP PROJECT)",OH,32520000,4 %,08/01/2051,02/10/2021,02/10/2021,,,,,,,,,,,100,0,35,https://emma.msrb.org/Security/Details/AEA6C4B62A582CCC070DADC9CDF6F0194,2026-02-20T02:17:34.189813+00:00
A2457925B61310D50272EC4067F9F663B,NEW HOPE CULTURAL EDUCATION FACILITIES FINANCE CORPORATION / HOSPITAL REVENUE BONDS (CHILDREN'S HEALTH SYSTEM OF TEXAS) SERIES 2025A,TX,32200000,5.25 %,08/15/2042,09/04/2025,09/04/2025,,,,,,,,,,,18,0,19,https://emma.msrb.org/Security/Details/A2457925B61310D50272EC4067F9F663B,2026-02-20T02:18:26.107370+00:00
A750470027360403EE4F8E0740949A948,"NORTHAMPTON COUNTY GENERAL PURPOSE AUTHORITY / HOSPITAL REVENUE BONDS, SERIES 2024A-1 (ST. LUKE'S UNIVERSITY HEALTH NETWORK PROJECT)",PA,32000000,5.25 %,08/15/2053,04/09/2024,04/09/2024,,,,,,,,,,,6,0,48,https://emma.msrb.org/Security/Details/A750470027360403EE4F8E0740949A948,2026-02-20T02:19:25.756556+00:00
AD595CA31177A18C496AE19F58867AA73,MICHIGAN FINANCE AUTHORITY (COREWELL HEALTH) / SERIES 2025A HOSPITAL REVENUE BONDS (FIXED MODE),MI,31970000,5 %,08/15/2035,05/07/2025,05/07/2025,,,,,,,,,,,75,0,13,https://emma.msrb.org/Security/Details/AD595CA31177A18C496AE19F58867AA73,2026-02-20T02:21:03.700573+00:00
A0A062FAFE86EE8FD973E3C0E0A44433D,"COUNTY OF FAYETTE, OHIO / HOSPITAL FACILITIES IMPROVEMENT REVENUE BONDS, SERIES 2025 (ADENA HEALTH SYSTEM OBLIGATED GROUP PROJECT)",OH,31665000,5.25 %,12/01/2045,05/20/2025,05/20/2025,,,,,,,,,,,75,0,19,https://emma.msrb.org/Security/Details/A0A062FAFE86EE8FD973E3C0E0A44433D,2026-02-20T02:21:34.799678+00:00
A4483B07ABEA6070002595AEC6EFFACF3,"NORTHAMPTON COUNTY GENERAL PURPOSE AUTHORITY / HOSPITAL REVENUE BONDS, SERIES 2024A-2 (ST. LUKE'S UNIVERSITY HEALTH NETWORK PROJECT)",PA,31360000,5 %,08/15/2034,04/09/2024,04/09/2024,,,,,,,,,,,100,0,48,https://emma.msrb.org/Security/Details/A4483B07ABEA6070002595AEC6EFFACF3,2026-02-20T02:22:21.774333+00:00
A528B346037CA08F49363C6D76938F267,"THE HEALTH AND EDUCATIONAL FACILITIES BOARD OF THE CITY OF JOHNSON CITY, TENNESSEEE / HOSPITAL REVENUE REFUNDING BONDS, (BALLAD HEALTH) SERIES 2023A (LONG-TERM INTEREST RATE BONDS)",TN,31330000,5 %,07/01/2032,05/18/2023,05/18/2023,02/10/2026,,,,,,,,,,23,30,30,https://emma.msrb.org/Security/Details/A528B346037CA08F49363C6D76938F267,2026-02-20T02:24:13.622663+00:00
A8EAC25BFBF613B1F751B1EC7600E4730,"DORMITORY AUTHORITY OF THE STATE OF NEW YORK / THE NEW YORK AND PRESBYTERIAN HOSPITAL OBLIGATED GROUP REVENUE BONDS, SERIES 2023A",NY,31205000,5 %,08/01/2035,08/29/2023,08/29/2023,,,,,,,,,,,100,0,31,https://emma.msrb.org/Security/Details/A8EAC25BFBF613B1F751B1EC7600E4730,2026-02-20T02:28:30.717615+00:00
A4238C342E55A5FCBBED66ED651501D56,HARRIS COUNTY CULTURAL EDUCATION FACILITIES FINANCE CORPORATION / HOSPITAL REVENUE BONDS (MEMORIAL HERMANN HEALTH SYSTEM) 2024B,TX,31175000,5 %,07/01/2033,06/27/2024,06/27/2024,,,,,,,,,,,100,0,58,https://emma.msrb.org/Security/Details/A4238C342E55A5FCBBED66ED651501D56,2026-02-20T02:29:17.181935+00:00
A18EFE15B27C49BA812BA0CB477629B32,"BOARD OF REGENTS, STATE OF IOWA / HOSPITAL REVENUE BONDS, SERIES S.U.I. 2025A (UNIVERSITY OF IOWA HEALTH CARE'S HOSPITAL SYSTEM)",IA,31060000,4.75 %,09/01/2050,02/01/2025,02/13/2025,,,,,,,,,,,1,0,9,https://emma.msrb.org/Security/Details/A18EFE15B27C49BA812BA0CB477629B32,2026-02-20T02:32:19.060304+00:00
AEA3473A712EEB96247CEF30F560A327D,HARRIS COUNTY CULTURAL EDUCATION FACILITIES FINANCE CORPORATION HOSPITAL REVENUE BONDS / (TEXAS CHILDREN'S HOSPITAL) SERIES 2021-A,TX,31030000,4 %,10/01/2042,07/20/2021,07/20/2021,,,,,,,,,,,100,0,61,https://emma.msrb.org/Security/Details/AEA3473A712EEB96247CEF30F560A327D,2026-02-20T02:33:55.584444+00:00
AA1874F2B3BD4BFC81CD30F60850FAFFE,"ARIZONA INDUSTRIAL DEVELOPMENT AUTHORITY / HOSPITAL REVENUE BONDS (NAVAJO HEALTH FOUNDATION - SAGE MEMORIAL HOSPITAL, INC. PROJECT) SERIES 2024",AZ,31000000,7.125 %,05/01/2044,11/19/2024,12/18/2024,,,,,,,,,,,4,0,14,https://emma.msrb.org/Security/Details/AA1874F2B3BD4BFC81CD30F60850FAFFE,2026-02-20T02:35:47.571471+00:00
A6B39B34ECD79D5C0A4E629D88E3E826E,"CITY OF MIDDLEBURG HEIGHTS, OHIO / HOSPITAL FACILITIES IMPROVEMENT AND REFUNDING REVENUE BONDS, SERIES 2020A (SOUTHWEST GENERAL HEALTH CENTER PROJECT) (TAX-EXEMPT)",OH,30855000,4 %,08/01/2047,08/03/2020,08/03/2020,,,,,,,,,,,100,0,52,https://emma.msrb.org/Security/Details/A6B39B34ECD79D5C0A4E629D88E3E826E,2026-02-20T02:36:33.662479+00:00
AB93F7776E74B73C30EBAF33C86D84F72,NEW HOPE CULTURAL EDUCATION FACILITIES FINANCE CORPORATION / HOSPITAL REVENUE BONDS (CHILDREN'S HEALTH SYSTEM OF TEXAS) SERIES 2025A,TX,30600000,5.25 %,08/15/2041,09/04/2025,09/04/2025,,,,,,,,,,,18,0,19,https://emma.msrb.org/Security/Details/AB93F7776E74B73C30EBAF33C86D84F72,2026-02-20T02:37:09.658195+00:00
AA95ED75181DDC3E08E00E1E7C83B4D7D,MICHIGAN FINANCE AUTHORITY / HOSPITAL REVENUE REFUNDING BONDS (BEAUMONT-SPECTRUM CONSOLIDATION) SERIES 2022A (FIXED MODE),MI,30515000,5 %,04/15/2038,05/12/2022,05/12/2022,,,,,,,,,,,100,0,58,https://emma.msrb.org/Security/Details/AA95ED75181DDC3E08E00E1E7C83B4D7D,2026-02-20T02:38:39.705733+00:00
AB1142B4D91B0DA9606D75583F92AE89F,"DORMITORY AUTHORITY OF THE STATE OF NEW YORK / THE NEW YORK AND PRESBYTERIAN HOSPITAL OBLIGATED GROUP REVENUE BONDS, SERIES 2023A",NY,30355000,5 %,08/01/2030,08/29/2023,08/29/2023,,,,,,,,,,,100,0,31,https://emma.msrb.org/Security/Details/AB1142B4D91B0DA9606D75583F92AE89F,2026-02-20T02:39:23.852221+00:00
A90F6B97338EE781C551A1AE2F4697683,CALIFORNIA PUBLIC FINANCE AUTHORITY / REVENUE BONDS (HENRY MAYO NEWHALL HOSPITAL) INSURED SERIES 2021C (FEDERALLY TAXABLE) (FIXED MODE),CA,30250000,3.071 %,10/15/2040,03/10/2021,03/10/2021,,,,,,,,,,,2,0,49,https://emma.msrb.org/Security/Details/A90F6B97338EE781C551A1AE2F4697683,2026-02-20T02:40:52.184943+00:00
A36CC21AE5442789F5F69303CE6407FF3,"MICHIGAN FINANCE AUTHORITY / HOSPITAL REVENUE BONDS (TRINITY HEALTH CREDIT GROUP), SERIES MI 2022A, (FIXED RATE MODE)",MI,30000000,5 %,12/01/2032,01/25/2022,01/25/2022,,,,,,,,,,,100,0,84,https://emma.msrb.org/Security/Details/A36CC21AE5442789F5F69303CE6407FF3,2026-02-20T02:42:27.234608+00:00
AFFB7338DAFDBA0AE5E967F60C3D4F8EB,"COUNTY OF HAMILTON, OHIO / HOSPITAL FACILITIES REVENUE REFUNDING AND IMPROVEMENT BONDS, SERIES 2020A (TRIHEALTH, INC. OBLIGATED GROUP PROJECT) (FIXED RATE MODE)",OH,30000000,4 %,08/15/2050,05/14/2020,05/14/2020,,,,,,,,,,,100,0,56,https://emma.msrb.org/Security/Details/AFFB7338DAFDBA0AE5E967F60C3D4F8EB,2026-02-20T02:43:13.116696+00:00
A0B1A0239C77195CD2DE37FC5498AEAA7,"STATE OF OHIO / HOSPITAL REVENUE BONDS, SERIES 2021A (UNIVERSITY HOSPITALS HEALTH SYSTEM, INC.)",OH,30000000,3 %,01/15/2046,10/13/2021,10/13/2021,,,,,,,,,,,100,0,65,https://emma.msrb.org/Security/Details/A0B1A0239C77195CD2DE37FC5498AEAA7,2026-02-20T02:43:51.078619+00:00
A5083BF970362ABC4E6B3ABB146B1F550,"WISCONSIN HEALTH AND EDUCATIONAL FACILITIES AUTHORITY / REVENUE BONDS, SERIES 2022 (BELLIN MEMORIAL HOSPITAL, INC.) SERIES 2022B",WI,30000000,5.25 %,12/01/2048,12/14/2022,12/14/2022,,,,,,,,,,,100,0,41,https://emma.msrb.org/Security/Details/A5083BF970362ABC4E6B3ABB146B1F550,2026-02-20T02:44:36.030536+00:00
